	210421121711	210421121712	210421121713	210421121714	210421121715	210421121716	210421121717	210421121718	210421121719	210421121720	210421121721	210421121722
1CMET2-PWY	17100.750712050507	22880.547628198772	63040.6136773368	38907.164997681604	141528.35322809147	69109.59230360469	36345.30598768979	38846.073325621175	47118.520194671124	48285.70105972362	109541.16576432527	41449.51651750231
3-HYDROXYPHENYLACETATE-DEGRADATION-PWY	1.6783321210727673	0.0	18.03727468346589	0.0	42.773004345699256	79.46373227245016	33.385591410310994	17.49989957479178	22.08585682925608	0.49028898236628	429.8678167875142	371.88096108142275
AEROBACTINSYN-PWY	214.84802681604714	0.0	93.25176478879476	0.0	37.1891090269042	48.09285086470962	61.54540202833593	0.0	42.46802788864469	0.00010711969022896078	42.15429262245432	353.4376140164431
ALL-CHORISMATE-PWY	479.28561329097045	1.7365649898559161	1176.9152705945246	0.5987385534679442	1507.5256578394467	785.2208122765211	684.3447049597661	4552.006836595816	642.2061729033056	15.489362459121091	2641.782507442238	1879.2612912889285
ANAEROFRUCAT-PWY	15892.155493613918	10808.204820883931	57289.15987999225	15025.464940209287	132629.48423571262	64756.06180601815	33493.516511107024	37997.55862236316	42699.21208400517	26721.616291411672	108568.16637513728	36640.6528023735
ANAGLYCOLYSIS-PWY	23101.346487916948	27466.40778210086	85356.87260091315	44701.349776541305	188108.62498090634	93440.37019109841	47156.06366326029	49743.73393293078	61233.925618475485	61537.509734722866	160726.83516768794	61493.941907690285
ARG+POLYAMINE-SYN	4181.569425191725	2421.0290514944836	17399.321992159617	4960.286297502969	42574.583106060505	18868.377513822004	9840.422912693683	11126.854626385291	13649.48533806377	4831.443824266658	31748.112675720593	10525.08801351917
ARGDEG-PWY	408.2572408608718	0.0	95.56985570108759	0.0	80.45710612140421	55.6675529796449	51.24003573759356	1839.6502957960313	40.465075925053696	0.14849046320125292	449.74604247873054	854.0600039520849
ARGORNPROST-PWY	970.6249425291202	237.2643182396117	5058.803806555312	439.4274983461779	21569.227174912696	9982.486887036042	4157.377059819084	3963.2654753313113	4079.3395181043616	1353.4363763655508	18835.910349549755	5599.444179507487
ARGSYN-PWY	13964.758414772721	12124.432915254301	47744.92190818932	10824.987724973167	119619.48934784377	58803.14286544622	25054.596441501173	28812.702702568506	35814.76124816376	14650.373106914889	86632.97663212502	34164.04099861949
ARGSYNBSUB-PWY	13738.209849808647	10288.362911414679	45477.71702555595	8335.012478655435	119399.84994709627	57809.22882997384	22881.9983654317	27090.021991769245	34567.717755841986	10041.704071405884	78752.33894805869	35365.49647367847
ARO-PWY	18566.11288349604	19499.919659234663	65251.26265122473	23959.639124472385	158619.19170665732	76659.8497570472	36522.57532712416	39438.6557208045	49084.208545070534	29819.36846567743	117743.37435459555	43875.877679884296
ASPASN-PWY	13666.863034778955	22507.40796723294	55421.334569579274	38110.44844117494	120714.11445190114	61622.22715701803	37137.53334871538	42392.74266190138	45973.7660086777	57456.752958015415	113764.09067930306	39113.240049160566
AST-PWY	329.4406825904701	0.0	128.9874726581521	0.0	66.57424053287836	102.74234772021826	100.31803370494195	953.3067268687325	112.5058095829409	0.09785235173980945	277.7584493999342	1943.1919829332805
BIOTIN-BIOSYNTHESIS-PWY	7470.926119249038	19015.883840624105	27276.484604647856	29876.154995129138	46429.087303319946	32600.906526483715	20928.894377376768	22642.882287705852	23547.4533138708	50071.49342342081	72288.79656325873	18720.508617074578
BRANCHED-CHAIN-AA-SYN-PWY	19451.176551142613	26218.673986687194	68156.72746705358	38891.97596609777	166915.73427148061	81189.99410990319	39789.58199433841	42611.80973938107	52644.18971570966	53872.004235756984	134329.88741747302	49803.79023306076
CALVIN-PWY	23811.21994755757	29316.28831328078	90448.36140738452	47492.178068653455	201172.83106133674	99721.07333174665	45275.281746563756	51185.61243639187	62973.256243091775	56251.59684740478	145253.22785712927	44431.3447225971
CATECHOL-ORTHO-CLEAVAGE-PWY	235.84393704753066	0.0	11.54555661258352	0.0	67.15443739905004	61.85066717438665	32.88129536354003	0.21376593416704798	9.264170591045177	0.13389011336185705	201.94748963166577	2296.9385107281173
CENTBENZCOA-PWY	0.2711139061434987	9.413432342025676	0.0	0.0	0.7624898114113846	0.7973763344643977	0.6007419431768972	0.0	4.745190408979376	128.53791160290544	203.70348199398876	0.0
CENTFERM-PWY	2806.530149623408	1623.4400489223374	5231.391834419684	4174.474348075874	19714.99046289583	7041.434346193495	4593.881739038819	8851.720145250492	7134.807409030586	3269.450999926916	9611.09373263305	14890.650197433262
CHLOROPHYLL-SYN	0.37196901322234455	0.0	7.1523123576220975	0.0	171.09781327404806	9.804352706632887	2.8892391774028057	5.640646383429278	45.788852186439726	2.774668529819841	309.9977421126203	0.0
COA-PWY	16398.45228929445	23890.94073819164	61520.171717748475	39382.914596844465	138009.0845560125	69802.98766801535	35893.1751840856	38607.09575941032	47076.85675396697	52207.722502984296	111502.25564613506	43038.62169211956
COBALSYN-PWY	11787.854350362393	8660.253664530494	43431.917569877194	21145.112146798776	79352.31188522691	37788.15426022424	18431.848681110474	21856.920947026454	29438.23366899369	21181.606046473767	73103.16254433928	30408.736986762688
CODH-PWY	46.32164371757568	615.1272060662923	1158.2942129700111	478.6801107281147	2581.1758505686994	2270.302374202893	475.9192292014057	3196.6508027505674	1734.3429890656196	2348.748567952261	2664.3823923546784	6724.528484730068
COLANSYN-PWY	9010.50796910025	7079.758676372875	28518.091096930628	11660.95368770438	73427.17458752784	40307.706509755764	20952.58496684541	23694.073915676698	25672.60851413102	17769.608633421754	85709.64719671263	24893.2693558488
COMPLETE-ARO-PWY	19359.12031457872	20364.440979349012	67973.34007529022	25529.583822491237	165385.83059192385	79806.15425527304	38018.41285167991	40914.44161951428	51198.0183074276	31866.648095865374	122705.22452785989	46505.53045400759
CRNFORCAT-PWY	0.0	756.0538048228336	4.501976534997366	1941.0454989898126	3.070153515826946	60.35187683853255	0.7332194449621555	29.333654938582637	213.5852019308873	680.2556696758365	256.9636344118002	203.3122283817938
DAPLYSINESYN-PWY	14805.04499525821	6903.357514963361	44873.55486553465	6900.884886889959	142780.95675662352	57610.407061547405	28892.782099576125	31609.892586501464	40550.193209181496	8710.14950255563	89342.76661554571	40008.63486329722
DENITRIFICATION-PWY	7.3446228097590796	862.406736300579	3.7204170600486974	1794.211544353847	95.32221551614867	237.45506799335394	15.417033856764045	71.89111314795377	262.72830069150405	1026.4813993123344	395.61323366956026	513.2137726717218
DENOVOPURINE2-PWY	7919.346828179686	16052.730499738884	28252.890262600584	29174.199083284686	57306.17624454731	33055.59997200668	22437.793685842465	29420.035576997165	31958.81627734198	39431.82958219945	66971.92803637803	35785.5909730313
DHGLUCONATE-PYR-CAT-PWY	0.0	0.0	0.0	0.0	0.0002867591459492751	8.569797237821406	10.44272990660502	0.0	0.00011163569031705069	0.0002230733681289159	21.77541253190747	443.1182039955665
DTDPRHAMSYN-PWY	19598.652662886147	26259.087510437348	67913.60889319927	42809.55684854544	130616.90815383356	66275.26435322323	36753.657152373955	40977.16396775012	49098.491821877156	62445.47167801651	125707.03528316636	40442.79048662326
ECASYN-PWY	418.1470079995917	0.0	287.3875813977548	0.0	153.6566652263644	266.7140077666871	184.5851970565099	2099.6209110869704	133.25752947330705	0.09796078127185401	430.2395557860113	580.0568482721413
ENTBACSYN-PWY	968.0272991297427	4.469930126251055	944.9623988601519	12.785587057091085	1889.197338535795	593.3724213006573	564.3098590299239	3481.2894543855195	493.4651273961779	12.058010168430744	1466.368993852659	2118.106679671587
FAO-PWY	1450.462278987773	197.0144313678029	3215.166629653931	165.81006918432595	13182.827107095081	4305.1707953370715	3163.9280123220965	6824.131320182112	4871.428531287016	772.0586462815671	5311.382400574766	7579.098373322526
FASYN-ELONG-PWY	13120.606108550592	27513.168751379777	55096.75041155867	47848.319621041286	90559.64066083572	63003.604494754865	35795.95890178691	40679.00463153283	43074.47132634302	59649.16673437213	112480.68498957921	33036.92741426459
FASYN-INITIAL-PWY	7528.310606248544	18702.754472383804	34903.40349244774	28862.66287451581	57783.38734410654	50522.55736095833	19203.842823948773	21267.926049110945	23407.534728110997	43884.71842982415	82154.1524474407	19333.653595779357
FERMENTATION-PWY	10958.343769632087	3794.1491405571182	30134.81204587073	9735.586710633563	101649.488922063	41053.78946734706	22560.146809035043	25316.956131290965	28477.813569248316	12003.044745158564	76662.63792693659	40903.098801010005
FOLSYN-PWY	12809.65169894941	19636.725401251537	49705.84257827015	37537.2644906667	77901.4377529717	51555.921088206225	26324.475895427342	29908.21565584997	34765.64496110666	47358.03249970247	97537.6874372917	41618.18530403934
FUC-RHAMCAT-PWY	3996.3259843519054	3534.5888087056	15096.135843740953	626.8835280540198	45055.164098309964	16299.481430169557	8486.80078847107	8995.75264453825	9961.875833290265	652.4846076824455	31402.731851236204	8123.773745096828
FUCCAT-PWY	3317.838907311733	2141.266651654743	11612.158053002744	285.3970291787479	52630.48060582687	14824.866699357824	6525.883548047863	6600.778628471364	7311.958265205481	321.5609511755716	24649.042022157562	7401.6726703585255
GALACT-GLUCUROCAT-PWY	7833.040633797826	7945.838590495256	27885.394762660166	14519.839600997722	63470.751508501926	21284.718315047987	17917.175635544543	19341.237370000832	18255.85743452563	29601.825213900087	59495.41146894398	9376.860304316398
GALACTARDEG-PWY	760.4155075526256	7.40086031545338	2839.705532020335	46.7473134959266	13015.250361053466	4069.972283312115	2578.8292318604426	4860.217980241311	3721.052133068407	56.831031640014025	5112.796228652868	1895.2953164150163
GALACTUROCAT-PWY	9074.137120179454	10424.226937943797	34808.47704465414	18632.383949693445	79346.04233776858	31893.436373632638	20931.805427341413	22719.598463812734	27242.198105688956	30411.8180134666	68599.40879287971	10571.021423871875
GALLATE-DEGRADATION-I-PWY	151.82362744220342	0.04954725579806897	0.01606690268672035	0.02435087442797124	0.6119069430972102	12.409395718514043	0.009436346492685717	71.1523649007334	0.1482159590610573	0.240694368198196	9.149114257768538	44.022829935242335
GALLATE-DEGRADATION-II-PWY	151.82362744220342	0.04954725579806897	4.3996168471219415	0.02435087442797124	13.632154412304894	30.761214100010683	15.770670378212431	71.1523649007334	5.428836168742978	0.240694368198196	44.44131791997562	114.86576336414304
GLCMANNANAUT-PWY	8873.24751912407	9460.518674456018	25247.639652434333	7799.690635833231	74060.64852845509	35193.884835604425	9976.147361666332	15165.865566812467	16028.156129107634	11670.716454636828	49306.14916230045	31956.398191269785
GLUCARDEG-PWY	735.1501448569492	573.0572633723742	3412.663776059198	358.9467147482795	11428.196046654524	4451.664263761031	2239.7952591259627	4267.796867471646	3585.8367505355322	287.970026848093	4601.5950679661755	1895.2953164150163
GLUCARGALACTSUPER-PWY	760.4155075526256	7.40086031545338	2839.705532020335	46.7473134959266	13015.250361053466	4069.972283312115	2578.8292318604426	4860.217980241311	3721.052133068407	56.831031640014025	5112.796228652868	1895.2953164150163
GLUCONEO-PWY	18947.48778629832	27691.500319293245	69800.35571126752	46306.046614376646	150723.9108855206	78680.26705209157	38573.090557467825	42195.36065301269	50879.681454510595	60355.023277097556	125572.48974903986	41611.28673190852
GLUCOSE1PMETAB-PWY	1785.7192943804569	531.4424112113546	10223.682731293797	11007.486560464715	9079.828023913742	3367.0471045824956	3161.9694581395843	5699.198427671616	5407.455921447936	617.6376752731345	5273.427886842224	1553.9282411527245
GLUCUROCAT-PWY	8808.164990071147	7492.842815671072	28390.423316732627	13830.940798761572	67087.53596116872	20423.390396252405	19170.522167879546	20207.23524050078	17262.968574341878	30663.451243695803	65031.99735661894	11859.287713317393
GLUTORN-PWY	12806.649900716558	16986.73185538712	40716.54609933891	25640.45596783641	107653.96177166152	53500.01905878871	23156.393102670867	25437.894918606475	32322.22735938653	41440.07777736402	76713.7444945895	34045.25509367602
GLYCOCAT-PWY	22061.293984256237	25233.38605376831	80780.95310283272	39743.5025852555	185686.7194688446	88100.96677258097	43815.73824624506	44931.11039309008	57942.39556929317	53119.42547264464	141787.48408759965	50680.51038131297
GLYCOGENSYNTH-PWY	21340.89836395787	15935.656813751275	73535.88396889137	7555.811298874562	164429.17653591483	82825.02371190868	35822.36138019988	36911.50889721142	51928.212644114275	12049.342557782236	125320.91663198688	52452.84012737436
GLYCOL-GLYOXDEG-PWY	654.1572124701958	50.494785442245174	450.53916258937403	1779.7575189348688	398.2615353190458	349.3995319477657	325.6496027661446	2626.0259912043525	455.66662128724283	32.58315952481315	814.2682167898703	4267.394656783533
GLYCOLYSIS	18155.51997135897	25171.529620113564	67182.72648445224	39897.60354541011	153005.59505364546	76445.78932917882	40536.105537543626	44309.26810776566	49813.412246345375	56831.06249061122	130746.64666248052	44761.824789549915
GLYCOLYSIS-E-D	6646.626104325209	9990.572306466634	23028.69293559107	13774.05081388566	74513.50493904272	33188.3591744055	14711.086012593185	18344.78482141283	19187.881372574047	16546.313217955132	43238.11186108144	14720.300217998858
GLYCOLYSIS-TCA-GLYOX-BYPASS	2392.0259204617046	26.843374936549576	858.5752427452576	8.871961460842122	831.7972463663873	586.1708134052367	624.110765993999	5874.981967604789	595.9938031469022	111.72856588606578	1885.838366781045	12673.73389500956
GLYOXYLATE-BYPASS	899.4149155300398	1134.23046946871	475.49234930601295	2540.9866537437047	411.8906717816266	390.573941765257	343.52993998116983	3319.196688136438	476.72981277202257	914.5512279604136	900.1816861688992	6031.840354585684
GOLPDLCAT-PWY	969.7402392470967	50.32023437548716	2688.48655948968	118.4727063815244	18265.146878436906	4965.079689041448	2496.8059591346578	2633.9667885390636	2875.048152547433	382.8684495135993	6052.374191922044	1064.5132729931222
HCAMHPDEG-PWY	42.75330973889104	0.0	121.48529449339088	0.0	51.036253793348465	71.54584368184655	86.76697982325095	924.2082951750425	55.83348831199376	1.208208425023737e-06	47.323690643193316	191.4259457500312
HEME-BIOSYNTHESIS-II	951.0064228504627	2460.6427586752516	912.7830549177322	5268.770825935462	6015.678668368465	3389.2711006275385	1477.8110747026271	5070.974092016104	2882.671119035317	5860.458197895632	7003.438466002499	7247.673565057644
HEMESYN2-PWY	1135.3632995192752	2702.8378413007445	2110.0069819133105	5666.958283825355	14966.07555863534	3815.822267854349	1851.7861417917597	6516.530824932217	3195.255336534077	6776.400784660479	8999.139846138292	16275.04274088124
HEXITOLDEGSUPER-PWY	5365.583516110319	585.0778490841944	21817.205015286974	251.69625152314853	42618.7016054441	27960.970592864265	7392.883103243054	9720.86371984864	13165.204329171194	1465.5854164440298	33261.23347676399	12523.620489960982
HISDEG-PWY	5348.108699705826	3347.5927311479477	23298.797824336376	18158.721864650142	35285.353248607134	12940.772913441353	12368.104415480666	16993.035006861883	16803.46052847346	16498.37326271581	30306.2043778643	7712.173645765659
HISTSYN-PWY	15058.53420850328	22239.728396045786	54228.6613035349	28241.087176844263	123423.86081039456	66743.04832798499	32543.318410121516	33163.4056235149	41238.822729694766	49796.53204280754	109768.05055814005	38917.753791482115
HOMOSER-METSYN-PWY	9029.847579048743	11918.074131377878	24269.974390058935	16265.739415547103	62309.042555242195	31169.072910974686	15192.748094211209	16470.752782679836	20861.473227317507	27170.142191889547	49941.74395420196	28483.125985460432
HSERMETANA-PWY	9924.746699795835	12887.647409651954	25919.692057795608	17340.854459430277	67443.81539549585	33364.087298822036	16282.014186409617	17547.094695845528	22508.830957260066	29528.56008045172	53823.36382968003	31774.89725836019
ILEUDEG-PWY	0.0	0.0	0.0	0.0	0.8478126716743337	1.4134258287592658	0.620019168118613	0.0	0.33005452237491745	0.6600754038848955	0.0	0.0
ILEUSYN-PWY	20962.95478824924	27808.264193190338	73994.60327614359	39836.348491419514	181980.7815621243	87287.56862813594	43112.94043300461	46206.27352620677	57196.888781079724	55271.0419776071	142446.62463279706	50447.54657243764
KDO-NAGLIPASYN-PWY	1223.1751883487339	0.0	924.351430037523	0.0	532.8990689225689	972.6230722678587	585.6324015366957	5941.891707657216	427.4961604254565	0.6257527307406328	2241.5429876339886	1869.76407880266
KETOGLUCONMET-PWY	468.11072468085143	0.03335807867427235	311.2976784453099	0.0	193.12937111995828	243.5788323015692	191.5895321581644	377.1568392855903	178.0710447217095	0.0804413608576101	492.523921031609	901.6981003282802
LACTOSECAT-PWY	389.6421212700011	21.896830461494098	2410.658216220609	36.68354385133423	1458.2343894836156	2756.6087367736336	324.10796277837227	1617.8729883356611	592.1485633326395	268.8957026782927	661.526116405466	1331.9250416124698
LEU-DEG2-PWY	443.15099759810386	1047.2072718501038	92.2287117311505	3383.1038378351363	1970.827234173685	454.7312259406117	132.36108824624915	191.6211360819503	660.9466792265677	2129.659594707733	2269.88239086736	4634.569765661976
LIPASYN-PWY	0.0	12.705410495012934	0.0	0.0	6.75e-15	1.15e-14	5.000000000000001e-15	0.0	5.0656468501373615	162.30392524260805	268.0615791455776	62.53758118981063
LPSSYN-PWY	68.26939036473087	0.0	424.50030890659593	0.0	352.6806073136068	390.2696930778449	306.61699301727316	473.54601243997496	274.8397144041818	0.310266657020655	365.6940592998078	100.97384789509945
MET-SAM-PWY	11467.657624134057	15130.749613897231	32244.49577470084	21835.381147897624	81133.29849410604	40789.47540479474	20152.218795624674	21860.739885990235	27432.20337536022	34695.312078406896	66094.12386689118	36622.110691779526
METH-ACETATE-PWY	1038.0445767795725	331.7715897554251	4829.826050266652	635.1022729782425	16575.866439412366	10018.090754919816	2459.329890043648	1940.9812055395541	3346.9303650066795	961.5593783085629	14861.101164530004	8977.050649480028
METHGLYUT-PWY	357.9646705677335	1.8174855910211105	211.18818844726468	5.269736367072078	507.0344891117402	261.70543950945125	177.03886325959743	1363.8443899069548	191.48377741903394	4.500658230703812	806.3614908894502	3644.044592516836
METHYLGALLATE-DEGRADATION-PWY	189.62971706605936	0.06193404583671063	0.02008362783965327	0.030438588107729016	0.7648834042657408	15.511453640163891	0.011795432812293118	88.92406752625827	0.18526989248191425	0.3008677437833416	11.436294085264493	55.01879440311557
NAD-BIOSYNTHESIS-II	2203.7560285280842	7.721811227775664	3116.379915445842	5.541823846372052	2888.4105880997245	4811.874257837393	1125.6746891880603	2992.2287631569043	3286.894073502134	25.650738214359738	3703.633157031979	5203.205435644475
NADSYN-PWY	0.0	0.0	9.904208568835202	0.0	75.7359097874904	56.52291586418544	24.786746552742517	8.3574801517749	4.561717785393939	3.523478072227487	13.881227515906208	3.9494793498079637
NAGLIPASYN-PWY	6814.436215123401	20571.478798449254	31297.927216812244	43566.32480170941	44257.1731414458	30447.612839200872	20788.562119793114	24597.78851643087	24082.354364910472	52152.9519232846	67559.16211209081	16490.671156447064
NONMEVIPP-PWY	19054.739883605347	25392.10565717724	70753.05106768552	42100.37305631564	159029.34210567304	79896.4223279098	39250.75090488263	41676.602184147676	51692.83262382085	51945.66676652735	128385.36957102771	43757.00420876576
NONOXIPENT-PWY	32023.72677325692	33047.63148265721	115873.19601060783	52919.080124456596	245541.00257623856	125426.37097500206	55889.25840694135	59322.019066307395	75640.49897758487	69865.4630785422	191743.8390013012	73089.5291666326
OANTIGEN-PWY	14772.116566709794	12429.449203439794	51007.48402776531	14414.593117064896	118003.73379333309	57176.04441728441	26400.10972497945	28697.740558970047	37990.08779708769	18559.662762571574	86339.76353171396	42131.78101149849
ORNARGDEG-PWY	408.2572408608718	0.0	95.56985570108759	0.0	80.45710612140421	55.6675529796449	51.24003573759356	1839.6502957960313	40.465075925053696	0.14849046320125292	449.74604247873054	854.0600039520849
ORNDEG-PWY	415.0304919019539	0.0	199.24315200608726	0.0	95.78202974779386	106.77067446150913	136.99254097173733	1559.0973866310248	100.69654997129746	3.328428440814502	737.7244618796495	2777.568030582961
P101-PWY	13.041603878728028	457.8550296346984	104.46319517844718	1054.8355245446212	154.1904255101751	303.79843511181264	32.43549988812954	69.32664870380518	210.00701503847034	537.0375987446893	550.8913911941779	179.5366339615135
P105-PWY	3656.0127664098513	0.0	1699.8144221013779	0.0	1734.995617797832	1129.4044535688377	1191.5014878296645	7557.437106429232	782.041198236012	33.702185542251186	3283.4791681066563	15533.622134541674
P108-PWY	10109.161141142764	22275.9839783597	42172.35470186588	38032.25833538181	70154.92909923808	41115.31084941426	30021.38925166113	32597.837579606246	32217.53077290157	59525.9177762728	86354.11827294237	21813.083569271035
P122-PWY	5370.608998155421	364.04801409244624	19294.386989287166	873.1956480277821	46647.030166024975	21956.832757497657	12863.922289166141	14654.223219650918	16745.305929931492	4293.236878969582	28176.852495225463	5705.40838999992
P124-PWY	7521.2000685612975	417.326040063883	28069.576539396272	1007.9514015035593	68108.45052406637	31621.229274631438	18501.16278004081	20465.198628149938	25617.851836212572	4996.949384199353	37093.33471678287	7260.629521955244
P125-PWY	1460.3714759722086	91.56953096475266	8855.13656986042	90.79431081100233	13092.258112946993	7539.559021247803	1789.31520579596	1385.918353346663	2351.775633839298	255.19832901342434	20115.398728944845	4300.0427600792
P161-PWY	7854.360194778723	2054.32336862928	19139.161186916714	1705.889108156047	110444.3624390233	28096.862490393632	15546.802753847893	17648.195884162193	19331.74871970684	6848.947450448458	51836.787272892456	36210.571831655536
P162-PWY	813.0688554947957	114.00354373033471	2319.9499657388365	326.79063566986025	9764.533722125698	5494.846310984166	2109.6800596859416	1855.3819431398515	3410.0274117486297	412.44600761031876	9719.69632718459	2738.165854451073
P163-PWY	784.4674544784132	75.40234986169807	4759.16709556268	2.8524369442521627	20856.328147364336	6073.34631173854	5260.458032895707	6851.82268336677	7175.313169863021	6.668940992782584	14327.150430525213	4168.327712514054
P164-PWY	6177.405734486956	3192.942034290049	13839.593139273078	7797.3604748472235	72281.70708101853	21304.634303395418	8937.949391768349	15101.793075343538	13430.131840121505	5996.240934208008	43600.60088616807	37924.77295570685
P184-PWY	0.0	0.057836483131263695	0.0	0.02442332427408624	0.029258553788771628	0.34735975679825143	0.009492320134376519	9.622145249894078	0.0816220606506198	0.2643944085562637	4.388338899402457	17.911878225099642
P221-PWY	4670.46804192964	5275.526375697456	14144.886537251921	1234.972542212864	26679.19719224855	18895.732694413535	3548.612033289542	3367.445788882547	7031.561794927311	450.9446817288376	11801.271162434345	5269.140268723629
P23-PWY	4444.542920424728	5297.4086914961645	3413.9612663535077	12845.165205543412	18138.095212385782	11400.243430069711	4845.597149821318	8637.169121468907	5948.841116295722	12627.785953185521	41187.49580545669	15296.362209591054
P261-PWY	9.930422891843078	0.0	367.59007158198403	0.0	542.9144398237879	246.2596554327232	63.618584824078184	157.40327852162915	148.97676670012302	0.02973973787232779	244.70124740256583	10.295721807384224
P281-PWY	0.015361657617594936	5.0163852674084275	11.22232028630741	5.941546700272547	33.13472495109699	131.38619414761706	17.545627390046818	1067.6523395331728	217.6248276259357	96.05055606913908	453.3580673299851	207.6486382377528
P341-PWY	90.95055141159415	10.432947750924514	623.4657366533878	0.0	6246.551002293264	3172.9531062222163	832.4501511569736	186.20495031688034	1485.3780505345014	0.1183275955761648	2275.3367383336513	16.93895239222239
P381-PWY	0.0	0.0	0.0	0.0	0.23038988825824291	146.7477284406284	92.2929451961745	0.0	38.27590500754643	0.0	580.8334749928734	2633.31295632091
P4-PWY	8179.1145834299805	4834.156096681211	28632.03687434779	6830.281998830294	74786.91476464689	30359.646755507325	16650.300288632407	21665.16536763409	19968.97579842455	9135.403736184631	71659.59267286558	38721.75316732238
P42-PWY	15409.213858110696	27800.62568359683	61575.99755006825	50407.63680301438	102014.87389941452	65285.10402647058	42468.99971066093	47050.381444229606	51493.75752891949	70314.05034171915	133332.36401324096	30816.847449891964
P441-PWY	8909.080222522825	6195.229332034815	28859.138346306532	5528.176782746829	97512.23232100692	41368.52112371132	17018.907268608047	21607.393428360658	23201.729510957135	15519.629095744993	56439.122589560924	23219.976268887727
P461-PWY	5710.331832895432	106.51190263874759	22854.678708064377	329.81912728691464	19726.679587033464	24141.314342154732	6548.182469325529	8356.20530595478	11029.215745580474	2117.045192952331	30949.163596358045	13783.050105655295
P562-PWY	1553.0038161202738	460.4263389874772	5225.639074824361	1089.7288787865762	16099.7054678677	6527.081599345006	1502.9644035876486	2067.909741959272	3510.239094671004	548.5448795020637	4951.595953826549	1092.9036361805884
P621-PWY	0.0	0.0	0.0	0.0	0.00019954594375768835	0.00033267531007759765	0.00014593279565766162	0.0	7.768351911042592e-05	0.00015536012927682506	0.0	0.0
PANTO-PWY	12020.684798960112	18831.137191585814	42534.51755914429	33271.28673725852	72786.09142657377	44772.172623802675	25217.880278166853	27308.79403240408	31472.09988407335	48501.005323838675	89824.10436426994	36063.6604307451
PANTOSYN-PWY	13071.185832572402	20610.85962719511	47599.721309446446	35226.82203806428	84977.36710331708	51474.96128506846	28353.783110237542	30526.838315692305	35958.32849978538	49678.89471392365	95764.51069266525	38186.54363438787
PENTOSE-P-PWY	8217.975920019653	8165.1657769706135	26735.82739577439	12857.03949612616	59817.48894562189	29998.133350662243	18149.966977397584	21879.713966213716	21006.822452220513	33354.87982623324	65537.83056211249	21146.846871652142
PEPTIDOGLYCANSYN-PWY	18279.170731562586	25022.12960195113	68030.59378172313	40895.02487278528	158210.63674601147	79207.10531454091	39510.475421078656	42080.717387194534	51124.54551333787	52561.518398071414	125264.09840773186	46263.838934912514
PHOSLIPSYN-PWY	18427.717386326924	20092.081883054376	65192.243810867214	27950.49942602124	163732.9935439235	76014.66469231599	35382.06201455106	37296.4866339884	48971.68649442966	36633.741622575115	117931.68371248344	53532.5984335544
POLYAMINSYN3-PWY	1624.7304278756953	1320.9677910437777	2613.0068404112194	1585.3276440493257	6098.974429062431	5788.873880431791	2018.3367298484516	6100.956510874309	3011.2779932214744	2613.390003207645	19707.95675394542	5187.315070611488
POLYAMSYN-PWY	2484.012828140392	1349.2814937571752	10708.991794442953	3346.92284241764	26505.00919528346	11352.541230459938	6137.254589901356	6900.718034158434	8476.143182687425	3000.9961077748612	19477.721426276425	6339.050084522273
POLYISOPRENSYN-PWY	11845.977170781836	21216.6725451407	48315.10794600639	39156.91637726065	83139.3714421943	50465.73096520328	30078.261811424945	33391.70360933588	36876.764199532954	48893.85671615076	95461.4071478685	38414.66411835182
PPGPPMET-PWY	994.8029812331962	2375.7460349164126	355.32100219677886	8057.651552006204	6535.56799544495	1416.802484772685	439.2914154912593	2731.886246130935	1629.3632014868679	6304.364973135329	4844.912499964254	6806.594216293434
PROTOCATECHUATE-ORTHO-CLEAVAGE-PWY	384.4438779525436	0.0	19.353568454757152	0.0	164.67250817725147	80.05106838807788	46.98688653933511	10.677791314700949	23.7331717880741	0.1715044385222743	491.0115592731339	4422.688452196539
PRPP-PWY	5454.78993436053	7922.46691260264	12521.962933557586	13321.582982915386	30121.40733707992	13420.532084495042	14756.166551455253	21445.58679135434	17679.162905561294	17739.81588018279	45064.267876378064	26394.59753589713
PWY-1269	7760.1328553244275	20638.50087985049	31605.220265458018	40866.61662165175	51132.02903385736	32779.579662169206	21906.927573754987	26219.037863210833	25777.807011923822	50788.34070468769	68278.8418688304	16354.017902116002
PWY-1361	0.0	0.0	0.0	0.0	0.0	0.0	0.0	0.0	0.0	0.0	0.0	3.35351563118107
PWY-1422	0.0	0.0	2.8061588391515326	0.0	92.50949104755215	2.753591991770315	0.0	1.9097690890959371	13.056117754409673	1.1061801040618084	3.3979310572573995	0.0
PWY-1501	0.0	0.0	0.0	0.0	0.0	0.0	0.0	0.0	0.0	0.0	0.0	0.012039768615823943
PWY-1541	6.298234308783651	0.09924494510716261	188.1490730002692	0.032693638134543124	166.92242456851494	160.8401818870238	54.12365083511029	135.9848140234783	111.66796121328476	1.1520107371004893	261.89383556394563	87.9167793044009
PWY-1622	0.0	160.93410403698505	2.0993133580619587	382.7914864502728	79.47630375466738	169.27379828087166	1.5240425415185035	76.27643856761846	481.3654054702633	126.61541441532931	581.361529610129	35.10086394586202
PWY-181	0.0	2786.889529289297	3.3633036869838233	6825.71535443392	129.36127584478314	305.8869200548532	2.4404696206591363	144.6761817235375	1008.665586152705	3011.1750686858486	1080.6397914985964	56.33541789002001
PWY-1861	8128.647569390018	6825.679742615357	36270.912762709966	185.49161839705823	53929.98865662479	40836.839718839656	6893.955047944358	10191.035774419288	13223.928025344097	1235.2256628875386	28777.552997971234	4443.983848665606
PWY-2221	0.0	0.0	0.0	0.0	3.733236712659485e-06	6.223910130646635e-06	2.7302074437665e-06	0.0	2.715672722576044	2.9067053162083462e-06	0.0	5.042373425163519
PWY-2941	1643.4479041180643	1305.186800365061	5620.646669060577	1326.878501698844	26213.255452232563	10471.153718555692	5741.742968320409	6931.689701682731	4549.8507658695335	5114.422198191854	27083.256869818662	16501.786177271628
PWY-2942	19936.49997405267	25809.846427169174	73630.69315697173	43847.602751198865	173824.33562354767	82239.86269508694	42385.5848759471	45088.16999946305	55196.896671193594	56068.152134109194	134647.24239100068	49225.172313351526
PWY-3001	19437.166050265456	26832.66997806786	68850.72427865192	40993.787908064005	160527.05731901564	81264.4487986569	40557.833373864276	43811.383631190074	53295.40821981522	57382.010700403254	136304.3599893895	50178.51959864223
PWY-3661	0.0	2032.6546393674707	0.038814638084640564	4877.31859106357	1.3809448189688576	146.37199917574907	0.0056684288190781695	73.06059141035945	527.9240202865567	1851.980162814802	947.960301677745	334.4595967231211
PWY-3781	225.5745049384435	6951.650527235861	717.0242241832458	18475.416910876098	7146.139384802133	2086.3772915714403	560.6622740241622	643.0762756097149	2580.1218812742663	8963.193402562512	10874.92467715684	25549.508403814
PWY-3801	0.0	0.0	17.650975870722977	0.0	1634.7144869937804	16.489308156356024	0.282871274694074	11.416561619324897	207.25552618643914	6.589640862956693	3173.033344924661	13320.480302931723
PWY-3941	9.010255377757945	0.0	1.8114802511193098	0.0	54.075893670412945	26.171803115029736	14.415150669828693	4.496737411451439	14.042856959632012	0.003228499679802668	97.75132546668787	56.28273766794873
PWY-4361	151.74936567265323	0.0	5.748907146158846	0.0	1221.185417510828	146.67532257977456	47.18690984543258	143.65335715941654	227.3128728483558	8.252547736142546	1321.26092079053	266.42395679424067
PWY-4722	158.6659746703517	0.0	45.023936958847486	0.0	312.9782839319891	226.69430108121932	221.54385250364444	17.903692364027087	50.11348086848012	0.010684822412195389	1323.9526745632288	1514.8544278679733
PWY-4984	3935.495034849195	5055.630950502239	14043.717422003567	436.3133997688141	37483.57402495831	19065.287478732178	9045.036478303678	11597.328565405634	13539.369526373812	1354.5760264992994	30185.889424668807	25532.804250105495
PWY-5005	1013.076849575773	50.424643743775476	3742.6496712956355	144.05439863328237	11971.979185882294	5218.288768880986	5008.968156304081	2817.777094561179	5456.412660614829	128.7721941737736	6822.941362923791	5044.461321463131
PWY-5022	2931.045365184329	948.8703229620563	10118.360317073688	1929.3739211780241	26303.66595787013	13426.879786802561	7824.862026610552	9132.792784897145	9809.800666270203	2114.0843056977333	25236.591696778658	12067.828643335744
PWY-5028	348.8293838284309	17.656331806539953	5.885817121749116	11.817547601286241	26.746986052699643	55.761349641112155	38.281253982885865	248.68125380209852	14.360813071942035	179.81693833558268	660.3242705890732	676.0754545245261
PWY-5088	0.4038099875885009	2.8373831514048726	26.002105496361107	8.124548625504813	689.292115024689	15.015082074629653	4.529289241465444	9.623203516605582	86.73180770805183	7.785959793510889	1982.353747078486	4454.5114050378
PWY-5097	19533.497378110078	25844.209919343994	69953.22121475001	41255.78363708164	170019.05677831286	81031.80563709665	39680.225093095854	43235.58909311892	51885.8774819749	54588.14523567152	127539.9972524645	45997.71288934361
PWY-5100	21896.28481764512	23194.38269855211	78410.64108725678	36907.430512192266	186371.38736189235	90591.94783699886	44286.2785627427	45490.429614324494	58702.37574732081	51584.93318340844	148618.5102259205	56705.303636428594
PWY-5101	22818.121814640675	29861.53207621155	79565.81853250918	41420.61845885923	194929.24544422538	94621.20976306857	46364.64689932857	49897.838995407954	61778.66216493757	59923.065064156726	153053.86193405258	53562.52815374355
PWY-5103	18886.068868115126	26016.27984965504	66126.1899796676	37873.27501194349	159573.30020600147	78473.15540904122	38235.98948215314	41251.64827694848	50836.33665698933	53384.38126483121	127949.49483272313	44789.15934576992
PWY-5104	23068.151436516608	27697.018179614348	79846.97118845911	39836.12118445751	196335.50293136606	95367.08584377728	46163.418480123335	48957.77118265708	62121.93319195841	55158.5167094165	154722.8284148205	54284.93093140791
PWY-5121	18257.121733864125	24216.471834693995	67879.84113748663	40965.350202552836	153105.12602073257	76671.75214609697	38367.672926026644	40636.11597844597	50268.63428283709	50873.14449520121	123353.50051367817	42583.105715185906
PWY-5154	8735.989951471876	13177.812728995537	33780.91030860313	12722.483370702548	58185.08978158821	37860.29970326987	22908.979964481754	27205.904864328582	28070.813668427083	17470.940224125374	76150.12474778111	17267.660757124035
PWY-5177	1583.0110176067574	70.06771419611921	3026.279386128065	327.5140289417104	12092.966095859776	4114.38621337952	2827.0441527214157	6081.375435924512	4428.651925814624	234.25514494899383	5290.403480183315	2257.731996867746
PWY-5178	284.78924903093184	0.0	19.81791959876034	0.0	129.14630429136093	73.4814439423916	45.91362590764436	0.0	9.557128680100314	0.0006172250514986722	119.4042453379385	840.3762083967702
PWY-5179	0.0	0.0	0.0	0.0	0.0	0.001197380681834378	0.0	0.0	0.0	0.0	0.0	0.0007715819999052
PWY-5180	897.5998289988137	18.708401434275455	2027.5730920085166	85.48597815649373	17195.6318831055	3064.0708771976765	2003.9716108774696	3952.159703129436	2427.4269672921296	1119.3187537210363	6759.290673264811	3131.490528400931
PWY-5181	100.51516400889122	0.0	8.789233493695004	0.0	31.354536851248337	58.862743629719766	28.038452549077626	0.26546430856823205	11.528408355355467	0.16067328122393662	293.0897349939976	1093.5104761477498
PWY-5182	897.5998289988137	18.708401434275455	2027.5730920085166	85.48597815649373	17195.6318831055	3064.0708771976765	2003.9716108774696	3952.159703129436	2427.4269672921296	1119.3187537210363	6759.290673264811	3131.490528400931
PWY-5183	0.0	0.0	10.020639199063963	0.0	36.726905157478114	56.02329156833303	33.81180488699904	0.0	10.052737777589792	1.799999999998486e-15	128.88728047960217	541.5825125948426
PWY-5184	0.22509161407432365	0.0	0.0	0.0	0.43805446250590824	0.5487639161262674	0.3638439782624367	0.0	0.4088762938687929	0.5769685825426408	0.0	0.0
PWY-5188	7316.155704662103	5816.675030353706	22303.48518726622	4866.68144505391	70525.12284530746	30990.57410515716	10447.92317327838	12924.616472430042	15934.250153309742	5174.578405474876	43100.05047079341	30968.69747234454
PWY-5189	6254.8756022702255	5277.0418235326415	19371.827733897848	4380.0841313883875	60246.51853171408	27280.709114070265	8931.42955130648	11172.67613898109	13318.770529387106	4660.010517513849	37865.57432182018	29985.44036621399
PWY-5198	0.0	0.0	0.0	0.0	0.003490307321987084	10.122652920210344	0.0001660508104599938	0.0	0.0013587662110295538	0.0027171052544256833	0.0	0.0
PWY-5265	119.0582741673319	25.811360119937216	123.46574082261942	124.95196776050477	2511.4418793717064	808.651993134815	432.0600094918567	574.7781414654743	464.6914895025723	1817.3680875404532	1550.572690423669	3269.0610846036393
PWY-5266	0.0	0.0	0.0	0.0	17195.6318831055	3064.0708771976765	2003.9716108774692	0.0	2427.4269672921296	105.11351867487964	0.0	1041.3246012285927
PWY-5273	0.0	0.0	0.0	0.0	17195.6318831055	3064.0708771976765	2003.9716108774696	0.0	2427.4269672921296	105.11351867487964	0.0	1041.3246012285927
PWY-5304	4651.677512223849	1206.2008589099282	11509.279284364911	1395.4054716902326	21080.93319960014	10081.340777015144	3694.922307546314	5419.87859616765	6903.004376561528	5261.382503535646	8077.352787298255	1799.276371241542
PWY-5345	3888.588439785591	3199.737059939168	7619.867736776188	5835.322492953642	19253.81715463428	5272.059293389573	6633.569930827969	7933.302081027123	6597.429305159086	4792.5245794693965	25453.052028471873	14100.868528774272
PWY-5347	13422.686082671638	18068.575436262483	39767.659740178766	26521.76624173552	96595.59605272158	49268.601148947666	24509.275024597348	26419.398171775483	33056.26786026724	41115.867780164495	81271.61263693738	41313.906672909914
PWY-5384	3805.8876208205807	2498.119972290211	13790.09455839061	1442.8225971134952	31957.343933988388	10895.904400890808	2627.4672881659753	4435.308023256715	4796.127876673495	1919.0106510731543	24921.656629376565	23141.943574982313
PWY-5392	1.477054408592144	0.0	0.0	0.0	2.4752259092297177	3.1690298908830985	2.116649247145983	0.0	1.367959338989985	1.7378919850680976	0.0	0.0
PWY-5415	649.9195873105467	4.55151944496835	375.6409066063425	34.60199264319115	11447.705533838674	1068.9219878302856	771.0820271485375	727.9824159673124	656.0891359869123	127.35158541170357	3208.1531467340646	1234.5015754950439
PWY-5417	208.82542085821436	0.0	14.090379966458658	0.0	73.49795940487454	63.80101108283415	33.4638308482106	0.14808292835667428	13.017017658144225	0.19316321797107253	224.127442839764	2409.0773970976375
PWY-5419	0.0	0.5990376209516187	10.816567809710516	0.2002672768228089	43.06009007965402	36.26286339408797	18.78185480419595	13.810080719823558	6.444330125392227	5.252894686331225	49.64430266744657	148.36913639229167
PWY-5420	0.0	0.9755330559737896	18.87486873647499	0.34936072128664947	75.24766743535228	63.05259753727923	32.69771363307256	24.118972015732744	11.26124863775533	8.961818620743292	86.50955231074772	240.08246738845546
PWY-5430	0.0	0.0	15.589377398004448	0.0	74.30644461254275	44.00261568291718	27.830855076433664	0.0	8.526579760884015	0.002294969239075878	77.38877206779634	246.32144614952063
PWY-5431	208.82542085821436	0.0	14.090379966458658	0.0	73.49795940487454	63.80101108283415	33.4638308482106	0.14808292835667428	13.017017658144225	0.19316321797107253	224.127442839764	2409.0773970976375
PWY-5484	14897.077206500104	22365.831669975563	55389.85930808672	35156.75384163438	127289.88271276711	63843.88852970178	35020.86317521094	39341.27188816092	41337.603470879716	51333.18953184041	109938.64758167425	34440.04682545534
PWY-5499	7.080641872569389e-05	0.0	0.0	0.0	0.0	0.0	0.0	0.0	0.0	0.0	0.0	0.0
PWY-5505	15887.631484377474	7797.291579900514	46747.59760750342	4735.288502908981	136090.0152722878	53479.481103157595	17139.128024027443	19176.449110503283	31689.547315730237	3007.3313781633424	79289.606364717	41487.502648358466
PWY-5507	634.1138908080479	445.1623528120778	3806.69655935488	922.2056553603302	6900.274384404782	4597.5347756135625	1538.4283078819274	1194.1734824294056	2119.533265848532	1195.5878245564563	9478.665295766876	7139.351341073141
PWY-5509	11279.082737283936	7866.640388585609	41419.68470406762	19240.381034868245	74352.74441736618	35955.96606320148	17574.8026012234	20711.738622791603	27714.164976997865	20117.504331789994	70061.16158702663	29863.105692267418
PWY-5529	0.008284288782804898	0.0	0.15785543686587505	0.0	13.342268620141969	10.727077359449451	0.00492828344181671	5.496804756208722	56.5133651159503	5.142591217107948	501.99206360513534	0.0
PWY-5531	3.150917705447867	40.28211141332939	6.784285015606686	0.0	202.79517122117164	9.170514653770402	2.8177898683252343	8.292560757086296	50.35446626721563	414.6369432724031	833.9338658064626	0.004316544435519151
PWY-5532	10.064791989048732	73.95870169206692	67.46788912797058	68.12004969578653	152.15952453147995	203.63802183533775	22.07441224785676	101.41915904576989	230.6479587041741	549.9296635736158	978.9459695953836	51.48835366161801
PWY-5634	0.0	0.0	0.0	0.0	0.0	1.3898010714702378e-07	0.0	0.0	0.0	0.0	0.0	6.975656622644812e-12
PWY-5647	0.0	0.0	4.164868975773552	0.0	23.33083092722177	19.155486260889113	9.94010979851418	3.4489791202356783	0.31882166109048987	1.587099412397984	7.227816236526422	2.446464642126224
PWY-5651	0.0	0.0	6.190555197056668	0.0	47.347157476629505	35.339953078358285	15.49613629230822	5.223902174756762	2.8511923698510104	2.2022355257372683	8.676208050239325	2.4685297045433487
PWY-5654	0.0	0.0	4.479740707448352	0.0	23.901119744957725	19.54911730893576	10.133502081551384	5.687424070548293	3.9377084569588425	1.7693874469177548	25.489457479244624	77.160952549339
PWY-5655	0.0	0.0	6.974032036345116	0.0	43.74617724390592	33.00822571794893	16.668789674158308	6.118725434840096	0.7232240433305464	2.5711112687528344	12.050880907707525	3.911027437926658
PWY-5656	0.0	0.0	0.8031714313250374	0.0	24.625260347672867	0.7488194037636406	0.0	0.5205858580546208	3.869686517518915	0.2798932293104499	0.847435561816467	0.0
PWY-5659	15511.93665610871	25204.39827000732	62529.3478422093	51581.44538165932	110933.20983578988	62927.75633275526	33858.960700627475	36083.712815971965	45018.83381281781	58646.03358144771	122247.52188992822	55369.740270615854
PWY-5667	20082.409168202677	25065.903512866054	71411.15998549704	42484.51463474813	173935.40470116286	84563.17470636764	40460.391136062186	43917.531663952155	53434.72892907544	52807.44609241987	134153.93056469556	59708.55723181011
PWY-5676	6624.8122670394905	1190.5701357081073	33069.040910359996	2293.132208081862	86450.56051793159	42093.18340029544	17856.345810203995	21474.70632007453	25645.274789697745	1923.9319700768067	46316.99296832244	9228.975002728917
PWY-5677	1649.3659261784749	41.36050621911684	8466.105836610739	64.21698988800148	31076.12119082919	9689.21902557049	5686.618363560509	7404.812684105113	8484.133355281445	399.16188183239694	22859.68006605079	3617.6137289399026
PWY-5679	0.0	0.0	0.0	0.0	0.0	0.34313304647830656	0.0	0.0	0.0	0.0	0.0	0.22111177484240524
PWY-5686	20481.600497490126	26628.316270523723	74058.0962502181	43158.47924689659	168946.7097552414	84189.95622622504	42186.920685271834	44312.5782379089	55529.28945027759	55498.594747675255	131458.4942901326	48173.91755328233
PWY-5695	16487.947792156825	26085.798501295598	66087.22572145313	44315.781071443475	130458.17190176414	70766.58125408305	39633.611478008344	43576.55394819149	49245.30439688851	56291.77817838551	129525.8942992522	47278.26359186921
PWY-5705	440.0362004381763	395.49211261234143	2059.2547560862085	927.7973721720945	3964.9793082973197	2093.1700128036923	625.3786726589383	1829.1461480523674	1535.9688426689895	384.53843063824513	2754.674962291349	1514.8282349091667
PWY-5737	0.0001212870050092812	0.0	0.0	0.0	0.0	0.2004577459392858	0.0	0.0	0.0	0.0	0.0	0.12918773559493352
PWY-5741	0.0	944.9913397397149	0.0	1842.194283327818	0.030237134203630712	72.9019557930614	0.0	36.60150067091399	262.6329669238252	1025.8202536506683	811.8988638232431	0.0
PWY-5747	485.9845224645094	468.5836928987938	159.3551929206649	1040.0305022260927	152.35861213446725	159.66594535789181	125.78356338329337	1134.162998956565	276.9788313468699	799.5278239152746	723.1473226588695	4051.032528358996
PWY-5757	0.0	0.0	0.0	0.0	0.0	2.6681038399902768e-08	0.0	0.0	0.0	0.0	0.0	1.71930319997611e-08
PWY-5823	0.0	0.0	0.0	0.0	0.01721070936055834	13.951312298042382	0.9846855971744842	0.9724620512945934	0.06231552784795997	0.013400164150050345	0.0	0.0
PWY-5837	169.4587520011696	48.945200036735784	662.4148228342399	318.30050981118757	824.0236495045958	535.5002749561578	319.8337368372044	2358.232636708595	314.45791501069783	402.8563720099904	1117.4619461695697	617.0849734572777
PWY-5838	551.2375059490405	166.82621261685776	2169.499161077526	1071.1472629118311	2712.477645822413	1765.4989321863534	1060.9696698521686	6663.864521832001	1045.9853248154066	1357.5770122951353	3700.1287447159775	1962.5983250709317
PWY-5840	552.1738527304949	166.67693196397903	2171.7253021598067	1053.3463910960884	2718.4600026310995	1767.8661427039935	1061.016207618245	6646.636708624745	1046.4456226676514	1341.8464043978556	3699.7507360064374	1966.5190991050295
PWY-5845	333.38649873530375	165.6029583182151	948.7943668260449	1059.9310397287088	2588.806752781931	1193.971370001913	569.1947429004371	5056.105666054665	949.5361902331477	1326.040330210908	3399.126164117198	1400.7360078922236
PWY-5850	333.38649873530375	0.8411484670259055	948.7943668260449	0.2778723142469102	959.8632022393646	550.888643360379	569.1947429004371	5056.105666054665	478.19668493310417	8.44268925073244	2365.3151855883757	1400.7360078922236
PWY-5855	1265.7233986193576	1196.6218832906663	1634.7831640907186	2900.006062158592	7135.585354218839	2034.951886204906	1017.3810507217465	3721.608450133557	1797.5628310909144	1483.9303784591154	5072.498707353698	5840.22987241972
PWY-5856	1265.7233986193576	1196.6218832906663	1634.7831640907186	2900.006062158592	7135.585354218839	2034.951886204906	1017.3810507217465	3721.608450133557	1797.5628310909144	1483.9303784591154	5072.498707353698	5840.22987241972
PWY-5857	1265.7233986193576	1196.6218832906663	1634.7831640907186	2900.006062158592	7135.585354218839	2034.951886204906	1017.3810507217465	3721.608450133557	1797.5628310909144	1483.9303784591154	5072.498707353698	5840.22987241972
PWY-5860	225.14304501878968	0.560771723798606	638.1554694785157	0.18524856437758042	643.4584669493266	368.9712872661707	382.2299929952707	3565.1566162326394	320.5084959475531	5.628711876527668	1591.8053512508307	947.5512468607316
PWY-5861	375.447478819956	111.45711195249926	1476.0880873899916	719.4107747563173	1836.955084190861	1194.7676299954624	716.987231454214	4786.60859756493	705.5609353225266	911.6239612383968	2503.480730842325	1335.5071608229161
PWY-5862	225.14304501878968	110.63810396238435	638.1554694785157	711.8222110946498	1751.9372495567832	804.0678229792094	382.2299929952707	3565.1566162326394	639.8050441724633	890.2966301060848	2297.0422761706623	947.5512468607316
PWY-5863	193.38987457103383	55.9196303457883	755.9235789771006	363.35114517136526	940.9803310859863	611.3461571046583	365.0765042796915	2671.3027521169074	359.04339507282464	459.8642835741624	1275.332312232545	703.7195593170774
PWY-5896	333.38649873530375	0.8411484670259055	948.7943668260449	0.2778723142469102	959.8632022393646	550.888643360379	569.1947429004371	5056.105666054665	478.19668493310417	8.44268925073244	2365.3151855883757	1400.7360078922236
PWY-5897	487.0941734148444	146.13217037896618	1914.5716555805857	940.4629967804298	2391.992914356622	1556.1763761935008	934.0929347811528	6031.328999275288	920.3593500201854	1191.747982672994	3259.1252918579803	1741.5072312012694
PWY-5898	487.0941734148444	146.13217037896618	1914.5716555805857	940.4629967804298	2391.992914356622	1556.1763761935008	934.0929347811528	6031.328999275288	920.3593500201854	1191.747982672994	3259.1252918579803	1741.5072312012694
PWY-5899	487.0941734148444	146.13217037896618	1914.5716555805857	940.4629967804298	2391.992914356622	1556.1763761935008	934.0929347811528	6031.328999275288	920.3593500201854	1191.747982672994	3259.1252918579803	1741.5072312012694
PWY-5910	518.2611795054647	200.829861014635	938.8293655391777	494.7402338576788	4948.090078320776	2255.039002649615	1548.893484590377	2321.828237130938	1080.6900642798546	3003.631894904524	4142.450756948785	10624.11131426275
PWY-5913	6572.6352012169955	12702.443158189353	32537.60624638397	14168.586929392604	40690.821904977376	21898.340578694384	16097.20705095794	24463.08552591714	28451.846069041454	33932.1879918441	51676.64370779513	36357.329707804354
PWY-5918	1987.0919988675985	3743.396168725324	2149.223284229415	4768.397528315196	13305.879787797763	7274.101580659966	3046.9966715504547	7977.88163966444	5655.303156446684	5222.901342751545	14066.449089657626	13399.532027804646
PWY-5920	1007.4640206996559	1684.5211147620228	424.141820140312	3209.248428603242	672.376303544269	378.24414797605556	330.4959222166311	2838.310703280757	525.3826165652715	2289.8854017434187	2820.3158654734993	6707.0544761460515
PWY-5940	0.0	0.0	0.0	0.0	0.0	0.11263203142920485	0.0	0.0	0.0	0.0	0.0	0.07249106165379662
PWY-5941	236.3307903177473	20.41734811198688	2248.747640760905	0.0	2080.549063485668	1376.3017181822665	239.33022327207735	199.1054125333943	458.2443850911082	288.9653378747065	5053.951579318383	1896.2366672779342
PWY-5971	10359.690303375819	11784.40567984008	43576.069981520464	25723.663432486122	72995.13452581294	50197.670337755764	23788.05698306714	27878.077434394127	29373.406235081566	46382.010355635575	79924.36608721699	25475.28140970673
PWY-5973	20482.23463061159	27265.788549681227	77574.01183036498	49219.84817899661	173161.5010535007	84752.45508340582	45350.06095159923	48243.190580845614	59316.55249457234	62198.21773792931	146362.26219008726	47018.3083941579
PWY-5989	8709.889556074408	28558.0910328857	41045.567192868955	46548.6244870621	63885.39365970695	56480.408598680835	22411.733400465935	25006.852598062345	26757.654415511235	57963.301783985626	96205.77068722564	21890.32535350066
PWY-6071	85.060638752165	0.0	204.93420966759413	0.0	128.35941625820865	109.69158305629755	137.20335367618077	0.17761885171652725	95.19911925428154	0.253665226623249	315.4021690080588	561.2296954003568
PWY-6107	0.0	0.0	0.0	0.0	0.00012527835463788047	3.4977800448211918	9.161920143773056e-05	0.0	4.8771049484360644e-05	9.748379711309874e-05	0.0	62.78943951928188
PWY-6113	0.0	0.0	0.0	1322.1810301266833	379.7796373869814	0.0	524.9866209258083	841.2280535452632	122.96484318160626	1499.868390851641	1757.1420221272408	718.6740225692022
PWY-6121	19001.428029852384	28319.090450091197	72293.64193222174	49318.26784345689	154467.90070104663	81028.9499842908	41749.17540996384	45946.1635406203	54976.57018917778	62091.92712174617	134013.30443747787	46857.96514451859
PWY-6122	18565.721901522596	26821.625622866028	70813.19004407476	47047.0040854705	153558.56683536523	79435.6975534676	40272.293369221465	44471.27622726123	54013.24677934098	57814.10504124412	128737.98601597421	45749.56350056005
PWY-6123	17611.90666201143	25054.961907737663	68444.24922726468	45272.01342666857	140361.123498889	73388.07740850131	37077.537711015655	40608.75942119266	49978.168288665234	55324.673805221915	123044.79962332205	43647.81686791551
PWY-6125	5747.432240650798	12622.082806415618	20192.507916334394	22924.38242112937	40854.03573518923	23970.235309579853	17463.736462267723	24213.21117048747	25211.773824519896	32263.75633795901	50809.24253518558	31279.138233649814
PWY-6126	19128.098740073576	27119.361063740787	72356.94417227968	45884.45559578964	160801.68750392244	76616.64174962508	40815.969943001786	45789.73063592921	53703.01381761626	57775.97676042167	136968.63541411486	55937.29148598739
PWY-6142	0.0	0.0	50.8180969892933	0.0	224.16106198266567	48.46405829191868	0.0	32.647522260952336	2.068799691639216	0.6408361094852628	54.92586419014971	0.0
PWY-6143	0.0	79.0365629828433	0.0	33.06319839783624	87.64245348910497	121.34394277638707	12.43510720009483	37.98913522970771	123.20785248752618	312.51946438991985	66.82972907038481	23.622597944306747
PWY-6145	0.0	0.024829355967958794	1.8327486705062008e-05	0.008151073985763485	0.007679693536263092	0.03493172226498371	0.003147715998741171	0.009955063209746408	0.02315457171413892	0.1027665185766158	0.0066091631036149885	0.0031769939328868315
PWY-6147	11240.092948249052	22668.858173973036	45565.54833011411	41720.19043307734	71834.61378051642	50404.756900400884	26800.590573376714	28658.77249885601	33065.110838152104	51583.46438131496	91950.13869958831	38732.596045951126
PWY-6148	0.0	0.0	0.0	0.0	0.11393157220004524	2.8401329188376683	0.05100454083483848	1.3007886990553739	8.50945218204808	1.4871259177770733	8.886495147706812	0.05148127990425207
PWY-6151	14976.712450925284	18367.63348227584	51557.39478498006	36912.27554623962	105201.38594811627	55269.96529549402	27584.198511842824	29859.371530143697	36852.42974653253	45769.74902496019	95514.9413986457	34385.644831842874
PWY-6163	18906.46066955268	24252.217340789815	68073.09031811755	38240.71331584741	155631.54752859112	78669.1590429293	38086.2231749918	41082.048049569064	50873.44817612428	48751.54361360859	121889.65986325253	42779.20420792283
PWY-6165	23.129739320545504	0.0	248.71428436677576	0.0	286.0966915499056	605.2834077180712	321.40873257882384	188.23608277728604	262.27898063578607	5.2689754401044535	159.81026641451285	49.48897102045935
PWY-6174	0.0	0.0	0.0035681342798149604	0.0	0.1263621409224881	0.4241360689826248	0.0	0.19794162099691684	1.0282941350351638	0.16466906927886937	1.6396663880469986	1.771020550214021e-05
PWY-6182	93.91613632229732	0.0	12.723180103926705	0.0	68.04205273095856	54.300220718988335	29.89275966000925	0.17275840165038042	11.09998422561879	0.12663550452631459	194.3010184203734	978.3092679526742
PWY-6185	79.68609338531164	0.0	15.255404633189388	0.0	79.31290854644938	54.74055467679551	29.107825428269788	0.1334587082862768	14.717080684264692	0.5465841820986148	202.55282584215942	812.9686824562816
PWY-621	15284.150488268018	20159.004880688313	57519.82892032355	12789.097540032224	127465.28827498668	76375.06153280841	24603.359854028946	25709.30906786963	32548.153228195595	24164.5424727647	130270.5106697409	77097.18795163403
PWY-6210	0.0	0.4056539684340516	2.9021528386171793	0.13365356146695725	28.271150088097844	22.100435584165837	11.203139261947495	6.931036925027193	4.143153945305067	2.1357917123836474	29.811305304856603	51.695845877531994
PWY-622	0.0	0.0	0.10924218870603815	0.0	3.845889083783514	0.10203484901464367	0.0	0.070659563118825	0.5375851776398192	0.040779883642195	0.11565256781554678	0.0
PWY-6263	15.077103504889235	3223.675000287377	524.4651670980948	6937.298581218457	7215.795199243798	2201.821546436633	599.4584451232568	1240.4912603488463	2654.194428741989	8298.967590502569	6643.303530361746	9106.526563520736
PWY-6269	11374.204601376197	7947.147717959655	41766.11840414453	19537.333778209446	74903.82012893271	36307.585570415606	17678.231646610915	20873.024210125852	28113.462070498434	20262.643929765432	70311.71078490153	29951.498066309803
PWY-6277	18565.721901522596	26821.625622866028	70813.19004407476	47047.0040854705	153558.56683536523	79435.6975534676	40272.293369221465	44471.27622726123	54013.24677934098	57814.10504124412	128737.98601597421	45749.56350056005
PWY-6282	8706.202591021962	26645.313275481967	40715.15968453079	43519.23610929546	65256.490546034554	56278.72668821441	22064.58609209473	24595.49586598358	26585.8677213428	53773.613198565974	93489.26729898466	21760.733855600705
PWY-6284	0.0	0.0	0.0	380.92263727835973	98.04704943123554	0.0	133.41366727695086	231.26171246242458	32.941379687299765	388.4667180437993	450.3478074586184	196.38077717450636
PWY-6285	0.0	0.0	0.0	766.9094336670876	205.44647484076842	0.0	277.62899496870807	479.91751143036015	69.05311344405844	802.7273200692568	934.2583679017978	408.07740612295174
PWY-6317	17355.036770371455	14835.774405499787	58666.97565110727	10209.74085939636	133027.4089078018	66757.8034637468	29217.480417421026	31092.479154581524	40175.774052117406	15692.777853422824	100061.03406094259	37925.28316517758
PWY-6338	0.0	0.0	0.0	0.0	0.0	0.16326709417112986	0.0	7.7112697715775305	0.0	0.0	3.7206114688555645	14.02979218627401
PWY-6339	0.0	0.0	0.0	0.0	0.0	35.365473026559826	0.0	142.17966139686223	0.0	0.0	30.346865384131934	127.17193210210917
PWY-6353	10113.046718555326	5185.698995348634	27988.946021983906	13915.32968066956	97013.52741055646	34431.67230022345	17283.485656421923	23374.41624959874	26088.554949279587	10461.283119672515	73551.26719282269	37552.23807034022
PWY-6383	0.0	0.0	2.2490341168491255	0.0	0.0	19.207216551033138	0.0	0.0	2.7482964729508637	0.0	21.49040397422957	75.05700582376471
PWY-6385	17929.580062228382	24645.244977082337	67036.3196493961	40679.87600031943	152695.18925456938	77512.09630752096	38830.26507102954	41596.50031379508	50356.61160706538	52450.6374445115	124227.23917761733	46242.353116000326
PWY-6386	18221.94067047013	24919.26209027747	67759.4495600315	40649.43137095667	156369.93016743578	78424.84759773084	39265.83347200053	41958.460892437644	50805.28549699196	52739.99361628045	126125.94765867245	47109.62704419024
PWY-6387	18355.38329542869	24706.62356434889	68194.6332205406	40591.44385139063	159789.9000317154	79121.82345569691	40021.11052777136	42601.315235900365	51662.59895325647	52450.924013569624	126247.76246250478	47141.335557392435
PWY-6396	1352.520061650577	175.09010396504192	5042.5984901281645	190.92108552436642	10616.333261719728	4154.770443756772	1720.0136609800295	1834.6680030221175	1784.324994049075	572.4327935352185	14511.131084470839	4132.3723156427295
PWY-6397	0.0	0.0	0.0	0.0	0.0	7.304079999916431e-11	0.0	0.0	0.0	0.0	0.0	0.0
PWY-6404	0.0	0.0	0.0	0.0	0.0	2.919364274428391e-10	0.0	0.0	0.0	0.0	0.0	0.0
PWY-6467	5886.331658444444	17961.00082916099	26818.439693939996	38943.53551298488	36800.92888895173	25388.538956840566	18403.84576215256	21549.299592043884	21015.183405374846	46948.496694529196	59288.438461988415	14842.99323213818
PWY-6470	1368.4623564914057	16.604173341659763	3873.0893345413238	81.83051974936993	23979.664246892706	7248.755507360029	5662.600151241998	6400.369398444272	7679.822132670282	1212.0209668998168	11440.095584760727	10156.329038210966
PWY-6471	8250.155532075401	5134.103375634686	32106.46420893614	1951.63688663372	76094.98032419132	40090.51932631394	19538.503635801128	21122.15266491119	26500.33172798962	5476.716138814307	34369.74636257424	14070.258752254886
PWY-6478	4277.659419289966	5240.334335745549	14849.590838134427	6177.837163376583	39457.154217326715	13431.143848162486	5140.264653573222	9203.447866787697	11336.364423782234	10937.454912643163	15698.911215105229	3410.748410395549
PWY-6505	0.0	0.0	5.960194392176848	0.0	26.101933540856187	33.00822571794893	16.668789674158308	6.0283367906816325	0.5043480208699147	2.5399235252685615	11.837315868282612	5.58840905871101
PWY-6507	8774.75762262275	12016.183438947315	32843.84124054723	20253.347630024855	66691.99338631859	25795.412436027793	19434.69806943446	20357.7748645662	23118.572268034484	35191.38801435639	69443.61835363935	10190.77945736068
PWY-6519	7582.568083875111	21338.139695869548	29642.658402087025	34085.526143046955	45217.39624654968	34181.074084861895	21169.795810239095	22814.0706249016	23693.656891632996	53919.300306750716	80156.61486097009	18873.92286077698
PWY-6545	3356.763004740535	7435.330712005606	12387.0031148595	12767.214175499155	27023.679754619192	15304.940124144301	8940.81915537195	12096.325576018631	13803.862235550163	17253.314528948315	32360.89476240866	16563.80211638676
PWY-6562	712.5586144580171	0.0	33.99615514206782	0.0	145.04961749210713	190.39288631238472	5.226066714001075	453.98598117267255	19.285130610647	0.6097446448748295	318.1018334955521	3747.5160914122303
PWY-6572	1540.6008267181476	2931.0592325840166	5699.8501382551185	3884.7404104401335	7517.477127133278	4569.540552264493	4104.957076021393	4079.362868267362	6669.82796994614	24942.620560397325	21518.133118170976	1656.632387222253
PWY-6588	4315.761956333866	144.19853641742105	25077.346571754344	50.62936380297362	67108.24834821919	31864.664587166248	15655.955698172962	17111.92792274028	21500.83033355892	613.7256607190269	45947.87345687531	21367.58309570061
PWY-6590	3465.963449838746	2045.1292700238312	6588.840505202893	5195.579613629522	24525.996186566525	8833.181826928258	5719.444430223304	10733.687325574463	8828.874523148934	4129.086602244452	12106.868363763933	17737.51822405607
PWY-6608	9246.37034525605	6844.275231740876	24125.3293953837	11262.608843146674	111775.95955224104	33340.86767752481	15053.004249458649	23254.000803146933	24601.872932659942	15045.115228007122	78900.94834136321	40654.2337251596
PWY-6609	18439.738619822063	24434.633903989117	67651.51661627507	40239.00407091871	171441.06847832058	80204.6921062186	41689.987410070346	41750.96156663278	51554.82465455484	51307.779903212024	138883.31580905584	62898.21354224588
PWY-6612	10995.7437637236	17040.6349957875	43149.3520201134	33532.58777030881	62658.974701180625	43787.66529263282	22116.881082826447	25415.946671512284	29519.203487137496	41701.07496108184	85537.54200897005	38930.8455974772
PWY-6628	4305.5629611191425	370.74526164891887	4793.604658223644	1140.1030329029336	15779.360371988403	8987.790367606473	4568.459248174047	16272.55826481067	6635.922785986072	6454.211175190313	20200.45133135354	26252.03923967761
PWY-6629	458.27791161426387	0.0	1308.2546082205997	0.0	496.7781479270132	634.1198768529154	862.6610571062905	7817.3352720618	605.7937625669721	0.0	488.82973492130697	1429.1123252446653
PWY-6630	4275.120126445017	370.13553829829334	4778.487125771231	1133.6461113905123	15745.750561934232	8944.19722260727	4543.999561331775	15938.460612023002	6595.5767438734465	6386.570397280645	20060.9915667567	25830.416536223554
PWY-6641	8.32990681446721	663.1583372938861	378.16191698122765	1590.9264251373072	465.88272515166307	289.5266123626492	85.0260228157029	168.68437976280137	299.0144567160132	568.240602874404	441.75813120388176	156.83742277840437
PWY-6690	42.75330973889104	0.0	121.48529449339088	0.0	51.036253793348465	71.54584368184655	86.76697982325095	924.2082951750425	55.83348831199376	1.208208425023737e-06	47.323690643193316	191.4259457500312
PWY-6700	12819.781446033938	22280.737271518607	48722.570043313346	42945.30131558673	72602.11881490107	51224.5359321639	27306.43855913645	30063.426135632864	37726.978924885145	53898.008331199504	94448.41970197989	30973.785680181016
PWY-6703	10081.82899947719	19462.903557068585	34945.04017747822	38310.61412926627	55571.29496880079	39842.92999565852	22111.64716458067	24560.94244191492	30641.757039631044	48831.55918176758	74536.40969335505	22099.945159174888
PWY-6708	1265.7233986193576	1196.6218832906663	1634.7831640907186	2900.006062158592	7135.585354218839	2034.951886204906	1017.3810507217465	3721.608450133557	1797.5628310909144	1483.9303784591154	5072.498707353698	5840.22987241972
PWY-6713	0.0	0.0	0.0	0.0	0.037103873215113777	0.8604280197889103	1.277043436930483	0.0	0.014445203226170775	0.028848997581148294	36.46789216288585	15.392003987492558
PWY-6728	0.0	1535.0505917901505	0.0	3806.486269785279	1.699891839198434	248.45793310142545	0.7224590088416586	134.28871617907265	737.4918762928479	1791.7026950420263	2066.5721942641076	0.7294107754834614
PWY-6731	1.0749669022130826	0.3314670249047057	2.2663514772567392	1.6922374571380816	71.51284000345822	3.877494620061156	3.787149211648435	3.336892185968913	11.055570081996402	29.95133445075002	201.95991570300674	28.427199966346095
PWY-6737	23162.412251050326	30923.835078212564	88531.55725408922	52885.660251180256	181560.49305759178	93713.26317153662	50154.01466065835	52707.91672645637	64575.13181348552	69536.91769603825	162661.91532149972	47428.031124397996
PWY-6749	3828.251542461411	5260.628488632292	17365.949791244107	1579.3908527025592	41306.70860356602	19503.852707134825	3656.398823072278	3723.8770297351816	8163.7085959908045	6132.111171816427	16256.269009819744	4897.620184648853
PWY-6876	594.7949137035163	0.5722845238134963	223.00254025483414	0.0	781.4504081103009	1674.8343730638849	250.83509127430372	231.97734635080678	502.6508633439221	0.021446653505835682	15738.450170548289	21367.58309570061
PWY-6891	3489.5486401460957	130.25764351440645	10916.93882053576	178.37341285095536	22365.734350030118	14780.67435262892	4691.730119649421	6237.601877831311	8912.48237705674	300.69031169724167	21042.526261014085	11181.426282823757
PWY-6892	11155.421032985465	15021.809382450247	35305.205557486785	26047.93334937302	56301.95643157292	38577.04807903846	20752.317792087586	20952.921859528382	28013.825478619576	45191.555874988655	73197.11460880686	22023.40609154608
PWY-6895	7398.104446073473	637.0571338450673	26665.908515669616	877.7759249198085	46916.71944905187	30909.123402558063	13781.318998050516	17000.852175984004	21032.355659167017	1474.8103995464598	55224.0281690429	19137.382937576767
PWY-6897	13385.6615217427	23124.315171889648	40943.55517663829	42861.48429578968	89659.43503288571	43371.06626864698	26873.744062742924	30001.833639409815	31400.47649337184	59822.209402847206	94118.81270610254	35385.29748289027
PWY-6901	10376.983460147978	9270.453526568857	35863.96153971878	12443.304480227434	75818.8201194886	38389.96842195868	22161.803285977694	25901.36489419191	27074.39611705845	30053.924563126933	81702.7494751981	23383.678201789924
PWY-6906	438.5399127288719	0.0	266.85737105900324	0.0	180.94252339876607	269.72080219566107	184.98616873832148	874.5147781541727	136.42475942583368	0.23151268109950215	530.7998287058049	547.0965256399787
PWY-6915	0.0	0.0	0.0	0.0	0.0	3.0773641135077896	0.0	0.0	0.0	0.0	0.0	1.9830269943844947
PWY-6919	0.0	0.0	0.0	0.0	0.0	3.824177381241683	0.0	0.0	0.0	0.0	0.0	2.4642670475781725
PWY-6942	0.0	0.0	0.0	0.0	0.0	0.004535713851173182	0.0	0.0	0.0	0.0	0.0	0.002900846805273931
PWY-6944	0.0	0.0	0.0	0.0	0.0	1.685180491934107	0.0	0.0	0.0	0.0	0.0	41.22398435933252
PWY-6948	0.0	0.0	0.0	0.0	1.2653197376365e-06	2.1094897851170163e-06	9.252648459916938e-07	0.0	4.925910095647604e-07	9.851795245233782e-07	0.0	0.0
PWY-6957	0.0	0.0	0.0	0.0	0.0	0.0	0.0	0.0	0.0	0.0	0.0	0.051166181803025054
PWY-6969	12813.671579905784	19278.55614315579	50603.26527876824	19624.99173488448	87569.18217240347	50589.760567258694	27874.945056895653	30125.152006672084	39102.23071595349	41453.09242052822	92166.59738552045	24991.94938716911
PWY-6975	0.0	0.0	0.0	0.0	0.0	2.8853333321279156e-12	0.0	0.0	0.0	0.0	0.0	1.8593333325565314e-12
PWY-6977	0.0	0.0	0.0	0.0	0.0	4.885529092861975e-12	0.0	0.0	0.0	0.0	0.0	3.148227436720414e-12
PWY-6992	0.0	0.0	0.0	0.0	0.0	0.0	0.0	0.0	0.0	0.0	0.0	2.9732293971745487
PWY-7003	6120.2280146115245	28.65143974511022	16247.987170768032	72.76125636660602	64736.617140878276	17606.190138555496	7697.986634332971	14027.355328789345	10018.706263729091	924.2118752350025	30877.997529604676	12799.486349317884
PWY-7007	117.89768292484946	0.0	974.9035386155564	0.0	982.8494031871846	646.6926201580648	120.40570160615339	98.61672424890153	218.91101795511972	5.122244257547082	1968.1173539218807	209.42604091564218
PWY-7013	7551.888532422081	464.67252253396356	14905.579909650678	945.6239731575741	39388.77883016203	18735.316956927418	11264.94843873292	17231.741351213845	20071.64004859756	2096.304589976347	15923.095166928517	3142.1242766495734
PWY-7014	0.0	0.0	0.0	0.0	0.0020353714553032255	0.0033010332762521367	0.0008953831036288098	0.0	0.000788805061774861	0.001384995629703555	0.0	0.0
PWY-7015	0.0	0.0	0.0	0.0	0.0010202769078677	0.0017009735210915928	0.0007461535108308	0.0	0.00039719546784739996	0.0007943909356949	0.0	0.0
PWY-7019	0.0	0.0	0.0	0.0	0.0031875134312846476	0.005314112769248699	0.0023301752594756314	0.0	0.0012069883571969653	0.0018595331065483231	0.0	0.0
PWY-7020	0.0	0.0	0.0	0.0	0.0020449791315909787	0.0031874489653013756	0.0010891698899142754	0.0	0.0007869419632325783	0.0013282000781431515	0.0	0.0
PWY-7022	0.0	0.0	0.0	0.0	0.0030269257208630274	0.00395894345525321	0.0008953831036288098	0.0	0.0011560525846506886	0.0016066879271619222	0.0	0.0
PWY-7031	0.0	82.84655403858959	0.01068415846655905	57.177279482097134	50.349441149571135	220.05191952420716	22.376220642043762	64.6122841277924	150.0326189082917	79.97450560531598	62.03961244730194	22.313136237733044
PWY-7046	0.0	15.770902830911938	0.0	0.0	0.19255257815906818	0.955653209622107	0.0861705938186227	0.2721992423087038	7.58908409246115	215.84655674878528	365.7413651634715	0.08695821659901869
PWY-7090	135.3537127249334	165.8114887445575	469.0196545902197	187.89718120545456	2462.6711070043184	1400.397196303229	796.7038624142026	1915.1844342207842	1707.4825705170308	606.2275829334053	2376.821305179537	1166.5784837339002
PWY-7094	995.0007245120503	189.91538885493335	2505.926366904875	162.30874367513638	8106.771239047179	3662.0665217044234	2712.4237610853324	2488.5368806497686	3340.1332107886956	700.7396284394845	3200.8272845032866	6185.854101163556
PWY-7097	0.0	0.0	0.0	0.0	0.0	0.16326709417112983	0.0	7.711269771577532	0.0	0.0	3.7206114688555645	14.029792186274012
PWY-7098	0.0	0.0	0.0	0.0	0.0	0.18363107461630346	0.0	8.623274242890854	0.0	0.0	4.1751242042571155	15.770315175083942
PWY-7106	0.0	0.0	0.0	0.0	0.0	0.0028804707850242535	0.0	0.0	0.0	0.0	0.0	0.0018561506251946612
PWY-7111	22026.87371083434	26981.750947322595	75594.89381652167	37107.52753548823	202757.52925773573	89813.64570398265	45131.075789975395	49019.624113681515	59006.76245989994	55185.140633731244	141078.1050573861	49450.50342533914
PWY-7159	3.150917705447867	40.28211141332939	6.784285015606686	0.0	202.79517122117164	9.170514653770402	2.8177898683252343	8.292560757086296	50.35446626721563	414.6369432724031	833.9338658064626	0.004316544435519151
PWY-7184	3920.317770674217	8130.343817826054	13662.975764581168	16419.589937206074	29368.30187683451	16408.388976650367	12380.015346738144	17564.73970464603	18041.425945209914	19882.845001424812	35236.689940327495	23127.426954476454
PWY-7185	0.0	0.0	0.0029235337793983253	0.0	137.5927074638778	0.002730589244663741	0.0	0.0018907237070811015	0.014395318736790017	0.0010912081729557732	89.45245726096321	0.0
PWY-7187	6480.041511565797	9856.512194921801	22348.01860711221	19143.870663533904	52346.72756550705	27444.555085990287	18238.461535973638	23017.1824249403	25656.50492742907	22714.359567805266	52659.468258893474	29895.78817412968
PWY-7196	5669.082603900316	12768.121807860778	19835.63622725625	23390.55124255084	39879.24571081157	23792.1516280677	17635.04080180453	24545.040940433806	25808.759197249496	33247.03895047577	50268.332941526634	29585.771649096336
PWY-7197	3565.6855617079887	6840.452446291575	12170.586506537482	12931.034386755355	25255.849296686694	15052.944033187325	11254.025323122973	15681.283005026697	16593.25000660536	18903.885829303104	31581.371474504664	20754.815383422556
PWY-7198	2090.4131763824503	13.58708826842738	7766.802630893463	43.59531378974791	24012.652009607133	10383.781896891775	7277.469865900558	6890.67795637955	9411.96217819187	611.8119692550221	10846.925728811728	4185.845805072547
PWY-7199	12407.626814240619	22461.871253890786	50880.70345882599	38038.648515292174	107187.45752466067	54927.541888812695	30161.750822165493	31803.196503612784	36249.59158084109	46495.67613967835	99214.18446682706	41495.820927369154
PWY-7200	5006.984024291248	9361.138423497556	17714.97445044942	17993.378157493014	36776.07684568245	21316.44976969556	15133.617254199331	19607.597412700885	21054.18221399946	22867.697096507098	44071.28414121888	25959.38417402545
PWY-7208	20184.34731665579	26537.33726320306	73295.8659224889	45925.899771010154	169886.99632550759	84017.86053588675	42201.36232351808	45351.83591272905	55179.46786996453	58899.660814968665	140020.91505666825	55758.25055086661
PWY-7209	0.0	0.0	0.0	0.0	0.0	0.0	0.0	0.0	0.0	0.0	0.0	1.8632767053454218
PWY-7210	2338.32556182979	19.389588695485635	8702.425382841058	62.17274588111103	29218.703420501286	11727.418148964045	8024.175098032211	8026.73937749401	10318.366479534316	857.9951767525558	13123.106093803815	5467.663316205744
PWY-7211	3849.2208359549745	7087.735077483554	13874.805673646802	10253.040369188626	37123.05232123783	17820.643404276565	12391.098277900037	17039.094757502273	16543.925038628688	20004.078657892747	34001.55575784115	20083.239010065154
PWY-7219	21220.76722641938	27618.338366809698	77622.40897276839	46854.963448612485	174115.09330408755	87107.400927784	43861.17246194727	46827.04555226367	58523.69646687064	60041.22361360488	140209.43568108283	52260.697433676534
PWY-722	0.00014676397207424673	0.0	3.145891968228262	0.0	14.675049047729907	21.583946740856113	14.990726379733783	0.12110758677920651	4.388582431301177	0.055412702038496006	199.2294184652259	115.30732688932211
PWY-7220	16995.8291748758	28524.070713275807	66581.17558729966	44697.26830392556	147468.75209594198	66913.76605005225	37988.01984131219	47133.2749929844	48457.57043328257	55539.0028221858	141138.77079188277	77723.948787912
PWY-7221	18484.67272487797	23963.341971480724	67755.84348602747	39528.15715278271	155819.9921565417	76526.04409894317	39539.38349224681	42513.65168842687	51342.9540192987	53470.10082647553	126355.78541587321	48634.850694724395
PWY-7222	16995.8291748758	28524.070713275807	66581.17558729966	44697.26830392556	147468.75209594198	66913.76605005225	37988.01984131219	47133.2749929844	48457.57043328257	55539.0028221858	141138.77079188277	77723.948787912
PWY-7228	5088.426026770442	11509.969269702684	17882.36099081548	21506.529351752637	35872.779368570984	21203.703078996827	15770.92969013383	22150.645702856305	22857.515307419122	30371.171366311773	45528.76989342841	28382.02530825572
PWY-7229	20195.821916915185	27970.417342227563	75204.69115134451	47547.19240695197	169480.91639708893	81658.48356829464	42191.93932287508	47334.2297009806	56091.6707452553	59213.61640530991	141619.88425296082	58787.38059806391
PWY-7234	3290.0111007982237	2991.5377057026603	6328.89532241881	8324.33885690104	20145.23619257786	6467.4106373160985	8668.3770629169	14800.950952948619	7566.951122603983	7044.816114591169	24192.71183010504	19467.25300442584
PWY-7237	5995.594426231041	1526.3281498258757	23477.97239037252	4529.011463974997	36016.861941421914	23635.848907729523	8109.058951529678	8206.63729639715	11106.813268159109	17101.765042717358	47837.93322276446	4675.789814750048
PWY-7242	11843.49782048322	11794.638514790866	42532.094695940556	20991.82403572186	114518.46308319092	37037.02139938069	25773.25277021206	29577.791363642187	33863.566909908885	35321.284915011594	84276.78442070121	15663.347360648206
PWY-7254	2022.5820033245395	81.78848081210998	9389.857831785335	108.18513668556021	29125.13906937495	9429.672597583462	6724.764224762282	8750.021249805484	10117.568876266812	716.1474018668216	20144.41480691192	10098.485064629163
PWY-7255	0.0	0.0	0.0	0.0	0.0	12.5856320593097	0.0	0.0	0.0	0.0	0.0	8.111792234748979
PWY-7274	0.0	0.0	0.0	0.0	0.0	0.0	0.0	0.0	0.0	0.0	0.0	0.00012257285341516733
PWY-7287	0.0	0.0	0.0	0.0	0.0	5.682191376799292e-07	0.0	0.0	0.0	0.0	0.0	3.66155530331278e-07
PWY-7295	0.0	0.0	4.4597810067439045	0.0	13.725254294540138	34.295865552879505	17.927993036098755	0.0	5.459680177080155	0.0	52.20574101750449	293.65285618516043
PWY-7315	7886.024286640708	11422.481366523689	21052.546794369737	7284.029598325497	52359.6455818494	29936.11697525768	6768.9682923679775	7769.983737515234	14146.005721996215	15896.189739138932	30154.524786717884	5057.050812449072
PWY-7316	0.0	0.0	0.0	0.0	0.0	0.003024848607167739	0.0	9.516777453458094	0.0	0.0	0.0	0.0019491864507805625
PWY-7323	10612.88823689307	22592.70328004199	48129.26705348933	44636.53867098264	74374.60622078445	47011.81094227798	27334.24928439537	29618.172341035806	35564.702572522365	55800.760905511495	90611.23351207946	24394.9642397193
PWY-7328	4846.59385018682	3921.3242369874197	15742.722696464294	6119.171699461337	44601.09413878875	25226.844550412086	8317.491638262241	10490.577199132487	11800.483555518173	9235.317684339108	35132.85180740783	12815.90322556754
PWY-7332	3009.731920925041	478.1965126670875	12606.119748353802	535.7729763624382	25675.728873012064	17005.30380549537	7907.698546059524	9581.718115968974	11892.85723821042	1832.6154908488181	21391.740270298647	7152.659136769987
PWY-7347	0.002739577993667796	348.0552894932163	0.45490609372861257	835.6755814816696	106.19877849776718	25.560449961590024	7.322961369289343	17.189871241170994	95.64282522281192	285.22614955602955	394.2020439621468	1075.1248999277072
PWY-7352	0.0	0.0	0.0	0.0	0.0	8.116384148843291e-06	0.0	0.0	0.0	0.0	0.0	5.23008523171116e-06
PWY-7354	0.0	0.0	0.0	0.0	0.0	0.021884785337886296	0.0	0.0	0.0	0.0	0.0	0.013844590090587711
PWY-7371	5.549836329754457	987.1039364942302	187.7436904226243	2731.9747418973193	2113.3236634383234	732.0863846613967	191.6087110784967	408.85603647820705	858.6827031418061	3054.8393142507603	2089.2298497972174	4451.872757721019
PWY-7373	0.8385160307876278	386.7356939657043	12.872891773523374	171.8829854960124	173.63242345386703	433.3841741910153	56.73008755015383	159.04308934129142	403.6077680730044	1456.2251687251958	139.6810062739978	69.25677514275272
PWY-7374	4.176141571109466	32.370167184825185	153.8621190598104	92.55908590291124	594.7898221347427	161.65756676744746	42.65050302737932	96.12395556864702	128.8377182993271	84.61053860499926	1061.8128008715044	4123.13316498962
PWY-7376	0.0	0.0	0.0	0.0	0.13614043739499887	87.3615083193557	55.19783516356955	0.0	22.734486603494535	0.0	347.00758572740085	1669.1496525766825
PWY-7377	2850.277466224974	598.9758779429867	6302.305073963879	971.2534323441888	12185.109059014312	8714.865604047856	3823.10434991414	3545.9276073356186	4514.82884996512	2007.4783759938143	30330.23842284369	22994.687314550254
PWY-7391	0.0	0.0	0.30785240864594793	0.0	12.772567853244194	58.69397394771752	0.44879823613438435	1.605048378983656	1.7734192062927545	0.1911050302769802	323.77388660622955	1.109339073515847
PWY-7392	4442.356697805609	837.6567997083988	7309.901249904781	2161.7476106335744	28541.981334523938	14624.833432627895	6743.453966707764	11656.947419596241	6123.9822584986605	10504.943399879263	52321.31597855079	38209.05322359964
PWY-7398	0.0	0.0	0.0	0.0	0.0	0.004999675096083917	0.0	0.0	0.0	0.0	0.0	0.0031225201998689622
PWY-7400	13997.007051495715	12207.334972541386	47979.80718958903	10944.942152990698	119598.99343375703	58933.62074208804	25204.2751711791	28945.15977587377	35977.983183257085	14836.188450830154	87116.4624975698	34113.04374110838
PWY-7413	0.0	0.0	0.0	0.0	0.0	1.4653064528459774	0.0	0.0	0.0	0.0	0.0	0.9442302958229061
PWY-7415	0.0	0.0	0.0	0.0	0.0	4.8202499977270545e-12	0.0	0.0	0.0	0.0	0.0	3.1059999985354544e-12
PWY-7431	404.26119447323947	1302.25154471252	706.5922367845826	3765.0696026306828	11090.033419562273	1323.1007817680888	794.1315466028453	535.3846344749738	1245.8828555229172	1846.7593400130488	2077.901761051744	621.0153019243663
PWY-7446	44.32766912237797	0.0	126.24323743203053	0.0	54.21862175996059	67.60882528102125	86.14619922469439	873.9746097117994	61.55179386825937	0.0001071510950608995	53.915318968189766	266.65963527796754
PWY-7456	7694.998663490507	14915.56862379898	33684.137447538094	26911.78663249083	55869.119612759874	31942.50202564278	21338.47353777672	21218.804193924236	23643.44012051333	40814.65873873531	73149.96740812973	25860.78498577145
PWY-7527	234.23930336244797	0.0	9.577065895610183	0.0	1970.512855386267	241.70864127427706	77.50221437851383	235.22335503293064	368.12072414065005	13.741699421295554	2095.572532978306	432.09490208378094
PWY-7528	0.0	0.0	0.0	0.0	0.0	0.0	0.0	0.0	3.338258795341286	0.0	0.0	0.0
PWY-7539	11721.121568898629	22046.075675299253	47433.66326305947	42414.68310966654	73380.01539199152	50058.35859446598	27553.379510629708	29105.42759596417	33253.62257183941	54083.682817262976	95794.34585860353	39029.99223313093
PWY-7560	19054.739883605347	25392.10565717724	70753.05106768552	42100.37305631564	159029.34210567304	79896.4223279098	39250.75090488263	41676.602184147676	51692.83262382085	51945.66676652735	128385.36957102771	43757.00420876576
PWY-7616	0.0	0.0	0.0	0.0	1.684879244854921e-07	23.36254670425006	1.2321934887123282e-07	0.0	6.559262408577222e-08	1.311851594448514e-07	0.0	23.189950999970723
PWY-7644	9.917450382388049	0.2536575422496142	2.645493874053963	0.0	170.54812420078113	31.04985075739151	27.29217567412652	17.31232214527092	31.489353096231746	0.013423929462361534	138.94287655128346	15.865294047514526
PWY-7663	21622.916978162557	28161.812041440025	82951.61796150682	52817.37251215348	179793.05096594847	86820.57850953314	49055.776871520546	53052.70198222997	63454.46270839672	67576.10221239434	157945.96156664498	51331.50040590827
PWY-7664	9484.169563346906	27170.75886374424	43791.53728641001	44808.277859004746	71688.22344472526	59439.8163249818	23877.863645256017	26560.280171555256	28910.999191304454	55435.14954799205	99020.98583665825	23638.430020829197
PWY-841	7666.110880296954	15788.912645483279	27375.684197809984	29213.020446412822	55183.80839668244	31967.512104831705	21935.243849933035	28856.138335302847	31233.98364611643	39592.23513010486	65208.17157199763	34565.996123796634
PWY-922	366.1005199804873	140.95793392858562	660.0901525058156	347.60126755158876	3499.2482026789176	1593.48352698966	1097.8664535284493	1654.548989316863	761.5861053069536	2141.485843555764	2931.105416620058	8042.2625452866805
PWY0-1061	10328.587181022898	18.655230874788508	19091.545128064365	257.9399752979029	46253.72680194494	26587.297357474923	10953.248837285559	12990.430323701197	23628.680870891825	308.35747165283897	17690.534052459065	8521.82955367039
PWY0-1241	2147.3021931040516	1705.682111023077	7010.1063953044795	4528.699034969066	8955.96356719545	2979.561014242662	2771.3085605086185	3748.7501643328014	2462.5471317001966	11524.887513518657	14168.445471046207	5549.674966597001
PWY0-1261	10450.490584529287	9156.79731593692	35600.24965499293	12264.890645607338	71047.18792292722	25988.08629384414	16923.348630788372	23422.667230426923	18081.86832556645	21558.012085990536	88996.71990087985	46202.62751604164
PWY0-1277	151.6454984893062	0.0	430.4832211392079	0.0	202.77177282065347	272.2979549004971	316.5594464255066	2400.2780340538134	212.64799484190462	4.83283358551593e-06	186.27357654057636	539.0243233564149
PWY0-1296	10790.048037556013	10602.300839703254	36283.46195114488	6861.641500671569	101935.91264185795	44338.28933663759	14598.586151760452	17719.410225034302	21710.107865563896	8160.603566737853	59283.41090719498	37539.626559128956
PWY0-1297	9089.285384986468	3499.7758543985956	25058.92421768694	6019.157077004408	98217.11735613515	31702.14139561462	13792.810824394046	17176.6637496513	19891.348915590323	7041.996990922268	53545.97666872693	34571.03749664727
PWY0-1298	9714.020335143416	8660.425984097667	31610.248274949576	6324.626591132574	98275.88138258083	36130.545144378855	13754.830606015226	16151.126610853624	19277.489766601055	7403.342881895518	52201.001565841616	33536.82246835418
PWY0-1319	20082.409168202677	25065.903512866054	71411.15998549704	42484.51463474813	173935.40470116283	84563.17470636763	40460.391136062186	43917.531663952155	53434.72892907545	52807.44609241987	134153.93056469556	59708.557231810104
PWY0-1338	422.15320567853445	12.748738353098979	274.27578337337565	0.0	355.4530136444016	160.75812773911665	203.66500118992138	1606.0389343716824	153.62779372497127	148.0653874812548	1088.2499751183186	1567.636284511902
PWY0-1415	1014.2885568817545	829.4284413073004	1127.7953699171871	1946.9078296002947	7557.848354237557	3544.7331879087	1593.218620487042	5400.308227045923	2240.025541125312	2703.105338114117	7604.691111104558	6425.89548269498
PWY0-1479	1012.05760294496	13.865421994791404	1085.017945351261	39.62191807914875	3897.645030902181	2791.3710371322604	826.798515163999	5829.65380797616	1914.6276946673017	59.4598283297189	4519.845785163222	2113.5923788319155
PWY0-1533	527.5185100142241	1440.5768182287015	1666.3593282505321	3361.3567318932187	2523.732502247185	1983.3477532336915	667.9370925039653	738.2126435075024	861.7416781565272	1651.0916294867134	2662.4777176248285	1167.6474286474113
PWY0-1586	12579.858225835778	18255.836847854946	43408.426803523784	25992.21113682674	115254.7384974548	56100.47504314975	24003.444845038197	26137.38264008766	27404.296205931238	44676.65149083457	75647.30972901112	17815.486590918197
PWY0-162	7102.254606721371	14826.216795903147	24801.599931600253	26454.920701620893	50442.47404541421	29617.810125903492	20837.19343725812	27670.835407810122	30097.979554320176	36739.79664133235	59865.87494497366	32804.534800296
PWY0-166	6356.17201205115	9830.905577171996	22060.919839130744	19593.30130940645	47325.441335227195	26795.369159601418	17946.802672478956	22781.958383154877	25126.18892484038	22933.235226462635	52205.935212004915	29832.09379842394
PWY0-321	96.03572904996992	0.0	208.70987765870598	0.0	134.35943656223125	109.20480624313198	143.3664428097584	0.15201770625697508	99.01160895284823	0.2355752234792659	328.15503488699613	1151.0891151602762
PWY0-41	194.6134061895449	7.830075070268571	563.704786792034	20.881202120515347	3540.355898416015	1355.5729474633597	445.8616969086194	1637.6967796830963	919.6427180687763	17.796512096282132	1323.4007142987493	461.88555925541357
PWY0-42	87.96323251579129	459.6222212625222	146.5129732171958	1113.5670688189575	182.83559883271047	167.86072506851477	123.75898508803628	1080.4741425746267	275.6857764463386	868.6540251628821	788.8063871317861	954.0430257587157
PWY0-781	7516.94894050146	4982.664155343454	23541.558067522263	7040.415026637191	63447.99399349729	29696.650754488815	15329.56938423822	18913.878593116984	19475.701485396006	9477.571125981935	58460.86223589932	35758.79104590863
PWY0-845	3549.230264871157	4826.646704048185	10188.529486740705	8375.137442008834	10422.689839702736	3770.983139875007	7069.282269325797	7719.792785432857	6214.564984701197	21885.13393198961	31762.642401123503	10992.401943271689
PWY0-862	8573.011506315386	26727.30800343389	40128.59044065078	43413.11930054062	64559.44805833688	55708.43640582124	21791.98201931801	24292.541225817597	26256.580140879178	53403.44764987816	92099.77029943751	21473.60152013092
PWY1G-0	0.0	0.0	0.0	0.0	0.0	14.914637819198289	0.0	0.0	0.0	0.0	0.0	9.461374080057563
PWY490-3	6263.709236908077	5158.034120754582	16635.16880354254	623.0827890928348	35067.54691888561	25585.479849938398	5747.969024311229	7424.056819130093	9672.093035815073	2290.3508444265763	31511.105198756028	26387.602470609556
PWY4FS-7	17546.204050264278	14573.841946833458	61711.18653323555	20634.422194314182	157772.74063032493	71369.06198763552	32734.695027047834	34324.51455354162	46468.01504746956	28502.846129303838	109925.11436064879	50634.808492296026
PWY4FS-8	17546.204050264278	14573.841946833458	61711.18653323555	20634.422194314182	157772.74063032493	71369.06198763552	32734.695027047834	34324.51455354162	46468.01504746956	28502.846129303838	109925.11436064879	50634.808492296026
PWYG-321	9380.135175242758	26705.289502340253	42568.72768098509	42285.842961370465	70624.8011102359	55951.13777483037	23698.53916725841	26194.020704948456	28826.88305916663	55388.79114594329	98312.49883844826	23776.978112279394
PYRIDNUCSAL-PWY	16311.773519250217	21022.925421154156	58891.134616447045	36241.90341527334	129046.31518811935	64032.94023512386	31397.129618136514	33332.06857742455	42860.59704590731	44394.244695987836	102913.60444366641	34349.38613973212
PYRIDNUCSYN-PWY	12718.724619975097	18336.68690032555	49046.56820734759	36755.62390602862	95243.16740001047	50094.95739229725	29786.56045282896	31089.599427738245	37374.382817950056	46194.2373532489	93848.86493695455	34714.756511747604
PYRIDOXSYN-PWY	2760.2386550055794	4237.809881321422	8064.103593424082	8212.040554692798	8054.410769918165	2966.0988257097356	5863.696911728181	6294.2961298015125	4968.513131558417	23827.605066177228	26538.50275378743	8991.680418396647
REDCITCYC	5906.331878014005	3237.8305739075404	15500.332784984645	7691.474184682732	49288.24814785597	17890.47179462654	11258.702457642341	13319.631143019702	15909.550962503392	7844.797876036686	21384.71715286018	21264.1255433775
RHAMCAT-PWY	5756.654215698629	8406.57462249613	24915.97791660645	18531.974366280825	43610.98047517629	18234.90143167957	12552.5618732709	14474.385625048593	16208.938653425434	26918.120435379933	53165.205637037994	19808.323154855418
RIBOSYN2-PWY	14634.9595141688	20656.368773680624	53150.57995257476	40067.940762077335	93502.67156734814	54199.710549058735	30593.67520120349	33505.15254638737	39595.470909594915	50331.246950711335	104712.32240038778	42104.789949872975
RUMP-PWY	4310.960472529485	5866.315672989871	18015.09039466579	139.3392789267147	29927.927825266463	21185.426892807096	4704.5235082315985	6850.275586923474	8031.22069442632	928.9357246694248	18996.720714403302	3041.166339906087
SALVADEHYPOX-PWY	8481.00738629361	2966.2517347185217	21373.59783718356	9432.156262822637	109817.22352255497	30043.22838784958	13349.969075935012	21210.78710252555	22302.42524988041	5866.61558646361	72570.92007802532	41193.8702853051
SER-GLYSYN-PWY	19397.567746551915	25132.700220654362	71891.59563063146	37679.46471336323	168716.87229485097	83864.01579828824	39299.4483809691	42589.11524934053	50940.21406883867	50041.23868934231	122221.33205230275	34519.37203633981
SO4ASSIM-PWY	3004.367548589057	2261.6868218549207	7865.101440291115	2803.6865887040794	21928.207190784895	9450.426189061993	3949.312832181484	5141.061287539839	5638.153040691202	2216.8426096099643	15672.979671639381	7211.8410118403635
SUCSYN-PWY	0.009131888714149803	828.2325238200767	1.5148871776189206	1989.9795555620701	292.1551483644656	81.20204608710641	24.00735648206858	56.997142056802296	265.22789555591737	754.465984636909	1075.3934193103094	2345.0959375688076
SULFATE-CYS-PWY	5734.8055368204705	4596.7628017621255	15592.98651530701	5799.334886354472	41726.15074146497	18639.273249682086	7943.6399848304045	10153.775614407461	11240.753292074605	4753.737534230642	30740.03113546941	13016.509617958693
TCA	9562.156167856157	14909.52872095175	40093.96347646505	17443.752885660408	63650.7304545498	35241.471099544106	20887.56015071938	24831.590715008624	31719.527286982968	33630.77361949434	69614.77870923986	23151.412610027928
TCA-GLYOX-BYPASS	1364.4554202998227	13.434901176121286	434.7536045423272	4.4370110455878145	417.4541256344378	294.7975669097649	316.7476376062109	3318.888576588368	301.15068935317566	56.00713771134519	957.5864938245694	8778.133559705007
TEICHOICACID-PWY	3997.5973187431227	1926.6025706068601	14499.574108919389	2193.6419518810103	42536.195962453756	20455.118703343454	9634.87489922511	9377.788820050708	12192.685436808631	4978.78501084566	28498.899781393706	10408.660497259121
THISYN-PWY	10357.295961897642	21002.507128798625	40248.25248187012	38944.25230494446	62796.76525982689	41655.98421411805	25270.85632763215	27546.551699864587	31012.861566200623	57661.13654276731	88215.7389336705	22955.14249596142
THREOCAT-PWY	152.25723575076566	0.0	450.0762575418808	0.0	338.81671176886556	317.14691766178225	370.7619959115422	758.5121678241854	259.14862252710327	1.4508340860995845	234.96113339896723	739.1768244160791
THRESYN-PWY	19342.850183444592	26632.232988942258	69088.9287030471	41940.28596412216	158266.05296566992	81784.70165696448	41827.65943472029	45189.02943200025	54248.18539521874	59180.157487573495	139867.94899307349	53957.00078148175
TRNA-CHARGING-PWY	18719.19275587084	24607.995767680717	68602.25503866146	41895.981640060214	156881.72541210137	78869.50778736848	39615.90347083747	42502.27123130189	51646.16218781934	53102.3137062868	127377.45170654776	49278.16381991768
TRPSYN-PWY	13074.81123432015	14867.46242049647	44403.5207719649	19600.535202510113	86464.40489942805	46797.24228769217	20614.192892318537	21479.73099370682	29846.485440679793	35126.51173125951	84452.90780194719	32542.598766424104
TYRFUMCAT-PWY	283.20418867338435	372.80840457859256	10.23929439279429	1013.8860583852429	170.37509288985706	116.422319375219	49.64229546940995	36.120047502528315	135.13828868143827	461.3114620985892	452.70430725298644	2971.6597335989454
UBISYN-PWY	1291.4859091336584	1190.45769531676	1658.0781139621586	2863.9697073782527	6986.919604120355	2034.3636416170327	1036.5845277219094	3352.8003671480897	1783.372680941862	1450.8503037962842	4994.364031829903	5612.866587448214
UDPNAGSYN-PWY	12568.046027068327	8609.16191160634	42698.20033164502	9072.277309427805	110752.46513314021	51591.66432579839	21711.488728426808	23362.72755977215	32305.315671929504	11635.782774064863	75990.9529807339	46546.22563892175
VALDEG-PWY	11.896836768412246	0.0	2.351682177388486	0.0	122.92096099852358	36.91435097816614	21.882608752710865	5.740704662260829	18.127612570486665	0.004250352776412858	134.35650308474166	422.4230415807953
VALSYN-PWY	20962.95478824924	27808.264193190338	73994.60327614359	39836.348491419514	181980.7815621243	87287.56862813594	43112.94043300461	46206.27352620677	57196.888781079724	55271.0419776071	142446.62463279706	50447.54657243764
